ID,1A,1B,1C,1D,2A,2B,2C,2D,Outside
1000,,,,,,,,,
1001,,,,,,,,,
1002,"CAREER LIFE EDUCATION 10 Linear
INSTRUMENTAL MUSIC 11: CONCERT BAND LINEAR",,,,"CAREER LIFE EDUCATION 10 Linear
INSTRUMENTAL MUSIC 11: CONCERT BAND LINEAR",,,,
1003,,,,,,,,,STRINGS 9 LINEAR
1004,INSTRUMENTAL MUSIC: CONCERT BAND 10 Linear,PHYSICAL AND HEALTH EDUCATION 10 LINEAR,,,INSTRUMENTAL MUSIC: CONCERT BAND 10 Linear,PHYSICAL AND HEALTH EDUCATION 10 LINEAR,PHYSICAL AND HEALTH EDUCATION 10 LINEAR,,PEER TUTORING 10 LINEAR
1005,,,,,,,,,"COMMUNITY LEADERSHIP 12 Linear
SCHOLARSHIP PREPARATION 12 LINEAR"
1006,,,,,,,,,"COMMUNITY LEADERSHIP 12 Linear
COMMUNITY LEADERSHIP 12
SCHOLARSHIP PREPARATION 12 LINEAR"
1007,,,,,,,,,"DANCE 9 Company: Platform 61 Linear
CONCERT CHOIR 9 Linear"
1008,,,,,,,,,
1009,,,,,,,,,
1010,"CAREER LIFE EDUCATION 10 Linear
INSTRUMENTAL MUSIC 11: CONCERT BAND LINEAR",,,,"CAREER LIFE EDUCATION 10 Linear
INSTRUMENTAL MUSIC 11: CONCERT BAND LINEAR",,,,"GRAPHIC PRODUCTION 11 LINEAR
INSTRUMENTAL MUSIC 11: JAZZ BAND LINEAR
INSTRUMENTAL MUSIC: ORCHESTRA 11 Strings Linear
PEER TUTORING 11 LINEAR"
1011,,,,,,,,,
1012,,,,,,,,,
1013,CHEMISTRY 11,,,,CHEMISTRY 12,,,,
1014,,,,,,,,,"CHORAL MUSIC 12: CONCERT CHOIR Linear
INSTRUMENTAL MUSIC: ORCHESTRA 12 Strings Linear"
1015,,,,,,,,,COMMUNITY LEADERSHIP 10
1016,,,,,,,,,COMMUNITY LEADERSHIP 12 Linear
1017,,,,,,,,,
1018,,,,,,,,,
1019,,,,,,,,,INSTRUMENTAL MUSIC 11: JAZZ BAND LINEAR
1020,,,,,,,,,
1021,,,,,,,,,
1022,,,,,,,,,
1023,,,,,,,,,
1024,,,,,,,,,
1025,,,,,,,,,STRINGS 9 LINEAR
1026,,,,,,,,,
1027,,,,,,,,,
1028,FRENCH 10,,,,FRENCH 11,,,,
1029,,,,,3D ANIMATION 12,,,,
1030,,,,,,,,,CHORAL MUSIC 12: CONCERT CHOIR Linear
1031,,,,,,,,,CONCERT CHOIR 9 Linear
1032,AUTOMOTIVE TECHNOLOGY 11,,,,AUTOMOTIVE TECHNOLOGY 12,,,,
1033,,,,,,,,,COMMUNITY LEADERSHIP 12 Linear
1034,,,,,,,,,COMMUNITY LEADERSHIP 10 Linear
1035,,,,,,,,,
1036,,,,,,,,,
1037,,,,,,,,,
1038,,,,,,,,,
1039,,,,,,,,,
1040,,,,,,,,,
1041,PRE-CALCULUS 12,,,,CALCULUS 12,,,,
1042,,,,,,,,,
1043,INSTRUMENTAL MUSIC 12: CONCERT BAND LINEAR,,,,INSTRUMENTAL MUSIC 12: CONCERT BAND LINEAR,,,,COMMUNITY LEADERSHIP 12
1044,,,,,,,,,
1045,,,,,,,,,
1046,,,,,,,,,
1047,,,,,,,,,
1048,MARKETING AND PROMOTION 11,,,,ENTREPRENEURSHIP 12,,,,
1049,,,,,,,,,
1050,PRE-CALCULUS 11 HONOURS,,,,PRE-CALCULUS 12,,,,INSTRUMENTAL MUSIC 11: JAZZ BAND LINEAR
1051,INSTRUMENTAL MUSIC: CONCERT BAND 10 Linear,PHYSICAL AND HEALTH EDUCATION 10 LINEAR,,,INSTRUMENTAL MUSIC: CONCERT BAND 10 Linear,PHYSICAL AND HEALTH EDUCATION 10 LINEAR,PHYSICAL AND HEALTH EDUCATION 10 LINEAR,,INSTRUMENTAL MUSIC: JAZZ BAND 10 Linear
1052,PHYSICAL AND HEALTH EDUCATION 9 Linear,LEARNING STRATEGIES 9 LD LINEAR,,,PHYSICAL AND HEALTH EDUCATION 9 Linear,LEARNING STRATEGIES 9 LD LINEAR,LEARNING STRATEGIES 9 LD LINEAR,,
1053,,,,,,,,,COMMUNITY LEADERSHIP 11 Linear
1054,,,,,,,,,
1055,,,,,,,,,
1056,,,,,CALCULUS 12,,,,"COMMUNITY LEADERSHIP 12
SCHOLARSHIP PREPARATION 12 LINEAR"
1057,,,,,,,,,
1058,,,,,,,,,"INSTRUMENTAL MUSIC 11: JAZZ BAND LINEAR
COMMUNITY LEADERSHIP 12 Linear"
1059,,,,,,,,,
1060,,,,,,,,,
1061,,,,,,,,,
1062,"CAREER LIFE EDUCATION 10 Linear
INSTRUMENTAL MUSIC 11: CONCERT BAND LINEAR",LIFE SCIENCES 11,,,"CAREER LIFE EDUCATION 10 Linear
INSTRUMENTAL MUSIC 11: CONCERT BAND LINEAR",ANATOMY AND PHYSIOLOGY 12,,,"INSTRUMENTAL MUSIC 11: JAZZ BAND LINEAR
INSTRUMENTAL MUSIC: ORCHESTRA 11 Strings Linear"
1063,,,,,,,,,
1064,,,,,,,,,GEOMETRY 12
1065,,,,,,,,,STRINGS 9 LINEAR
1066,CHEMISTRY 11,,,,CHEMISTRY 12,,,,CHORAL MUSIC 11: CONCERT CHOIR Linear
1067,CONCERT BAND 9 Linear,,,,CONCERT BAND 9 Linear,,,,
1068,,,,,,,,,
1069,,,,,,,,,
1070,,,,,,,,,
1071,,,,,,,,,
1072,,,,,,,,,
1073,,,,,,,,,
1074,,,,,,,,,
1075,,,,,,,,,
1076,"CONCERT BAND 9 Linear
PHYSICAL AND HEALTH EDUCATION 9 Girls Linear",,,,"CONCERT BAND 9 Linear
PHYSICAL AND HEALTH EDUCATION 9 Girls Linear",,,,"DANCE 9 Choreography Linear
DANCE 9 Company: Platform 61 Linear"
1077,,,,,,,,,
1078,"CAREER LIFE EDUCATION 10 Linear
INSTRUMENTAL MUSIC 11: CONCERT BAND LINEAR",,,,"CAREER LIFE EDUCATION 10 Linear
INSTRUMENTAL MUSIC 11: CONCERT BAND LINEAR",,,,"INSTRUMENTAL MUSIC 11: JAZZ BAND LINEAR
COMMUNITY LEADERSHIP 11"
1079,,,,,,,,,
1080,,,,,,,,,
1081,,,,,,,,,
1082,,,,,,,,,"DANCE 11: CHOREOGRAPHY Linear
DANCE COMPANY 11 Linear"
1083,,,,,,,,,
1084,CONCERT BAND 9 Linear,,,,CONCERT BAND 9 Linear,,,,
1085,,,,,,,,,
1086,,,,,,,,,
1087,,,,,,,,,"DANCE 9 Choreography Linear
DANCE 9 Company: Platform 61 Linear"
1088,,,,,,,,,
1089,,,,,,,,,
1090,,,,,,,,,
1091,PRE-CALCULUS 12,,,,AP CALCULUS AB 12 external credential,,,,COMMUNITY LEADERSHIP 12 Linear
1092,CONCERT BAND 9 Linear,,,,CONCERT BAND 9 Linear,,,,
1093,,,,,,,,,"DANCE 11: CHOREOGRAPHY Linear
DANCE COMPANY 11 Linear
COMMUNITY LEADERSHIP 11 Linear"
1094,,,,,,,,,
1095,,,,,COMPUTER SCIENCE 11,,,,
1096,,,,,,,,,
1097,,,,,,,,,
1098,,,,,,,,,
1099,,,,,,,,,COMMUNITY LEADERSHIP 10 Linear
1100,,,,,,,,,SCHOLARSHIP PREPARATION 12 LINEAR
1101,,,,,,,,,
1102,,,,,AP CALCULUS AB 12 external credential,,,,"GRAPHIC PRODUCTION 12 LINEAR
COMMUNITY LEADERSHIP 12 Linear
PEER TUTORING 12 LINEAR
SCHOLARSHIP PREPARATION 12 LINEAR"
1103,,,,,,,,,
1104,CONCERT BAND 9 Linear,,,,CONCERT BAND 9 Linear,,,,STRINGS 9 LINEAR
1105,ENGLISH 9 FOR ELL,,,,ENGLISH LANGUAGE ARTS 9,,,,
1106,PRE-CALCULUS 11,,,,PRE-CALCULUS 12,,,,"GRAPHIC PRODUCTION 11 LINEAR
INSTRUMENTAL MUSIC 11: JAZZ BAND LINEAR
COMMUNITY LEADERSHIP 11 Linear"
1107,,,,,,,,,"COMMUNITY LEADERSHIP 12 Linear
SCHOLARSHIP PREPARATION 12 LINEAR"
1108,,,,,,,,,
1109,"CAREER LIFE EDUCATION 10 Linear
INSTRUMENTAL MUSIC 11: CONCERT BAND LINEAR",,,,"CAREER LIFE EDUCATION 10 Linear
INSTRUMENTAL MUSIC 11: CONCERT BAND LINEAR",,,,INSTRUMENTAL MUSIC 11: JAZZ BAND LINEAR
1110,EXPLORATIONS IN SOCIAL STUDIES 11,,,,CONTEMPORARY INDIGENOUS STUDIES 12,,,,
1111,,,,,,,,,
1112,,,,,,,,,"INDEPENDENT DIRECTED STUDIES 10C
DANCE COMPANY 10 Linear"
1113,,,,,,,,,
1114,COMPUTER SCIENCE 11,,,,COMPUTER SCIENCE 12,,,,
1115,,,,,,,,,
1116,,,,,,,,,"INSTRUMENTAL MUSIC: ORCHESTRA 11 Strings Linear
COMMUNITY LEADERSHIP 11 Linear"
1117,,,,,,,,,COMMUNITY LEADERSHIP 11
1118,PRE-CALCULUS 12,,,,CALCULUS 12,,,,
1119,,,,,AP CALCULUS AB 12 external credential,,,,
1120,,,,,,,,,COMMUNITY LEADERSHIP 10 Linear
1121,,,,,,,,,STRINGS 9 LINEAR
1122,,,,,,,,,
1123,PRE-CALCULUS 12,,,,CALCULUS 12,,,,
1124,,,,,,,,,SCHOLARSHIP PREPARATION 12 LINEAR
1125,PRE-CALCULUS 11,,,,PRE-CALCULUS 12,,,,"GEOMETRY 12
SCHOLARSHIP PREPARATION 12 LINEAR"
1126,,,,,,,,,
1127,,,,,AP CALCULUS AB 12 external credential,,,,"PEER TUTORING 12 LINEAR
SCHOLARSHIP PREPARATION 12 LINEAR"
1128,PRE-CALCULUS 12,,,,CALCULUS 12,,,,"WORK EXPERIENCE 12B LINEAR
SCHOLARSHIP PREPARATION 12 LINEAR"
1129,INSTRUMENTAL MUSIC: CONCERT BAND 10 Linear,PHYSICAL AND HEALTH EDUCATION 10 LINEAR,,,INSTRUMENTAL MUSIC: CONCERT BAND 10 Linear,PHYSICAL AND HEALTH EDUCATION 10 LINEAR,PHYSICAL AND HEALTH EDUCATION 10 LINEAR,,
1130,,,,,,,,,
1131,,,,,,,,,
1132,,,,,,,,,
1133,CAREER LIFE EDUCATION 10 Linear,LEARNING STRATEGIES 11 LINEAR,,,CAREER LIFE EDUCATION 10 Linear,LEARNING STRATEGIES 11 LINEAR,LEARNING STRATEGIES 11 LINEAR,,
1134,,,,,,,,,
1135,,,,,,,,,
1136,CONCERT BAND 9 Linear,,,,CONCERT BAND 9 Linear,,,,JAZZ BAND 9 LINEAR
1137,ACCOUNTING 11,PRE-CALCULUS 12,,,ACCOUNTING 12,CALCULUS 12,,,SCHOLARSHIP PREPARATION 12 LINEAR
1138,,,,,,,,,
1139,,,,,,,,,
1140,,,,,,,,,
1141,PRE-CALCULUS 12,,,,CALCULUS 12,,,,
1142,COMPUTER SCIENCE 12,,,,AP COMPUTER SCIENCE A 12,,,,
1143,,,,,,,,,
1144,,,,,,,,,
1145,,,,,,,,,DANCE 10: CHOREOGRAPHY Linear
1146,,,,,,,,,
1147,"CAREER LIFE EDUCATION 10 Linear
INSTRUMENTAL MUSIC 11: CONCERT BAND LINEAR",,,,"CAREER LIFE EDUCATION 10 Linear
INSTRUMENTAL MUSIC 11: CONCERT BAND LINEAR",,,,"INSTRUMENTAL MUSIC 11: JAZZ BAND LINEAR
INSTRUMENTAL MUSIC: ORCHESTRA 11 Strings Linear"
1148,,,,,,,,,STRINGS 9 LINEAR
1149,,,,,,,,,
1150,,,,,,,,,
1151,,,,,,,,,
1152,INSTRUMENTAL MUSIC 12: CONCERT BAND LINEAR,,,,INSTRUMENTAL MUSIC 12: CONCERT BAND LINEAR,,,,SCHOLARSHIP PREPARATION 12 LINEAR
1153,,,,,,,,,
1154,,,,,,,,,SCHOLARSHIP PREPARATION 12 LINEAR
1155,INSTRUMENTAL MUSIC: CONCERT BAND 10 Linear,PHYSICAL AND HEALTH EDUCATION 10 LINEAR,,,INSTRUMENTAL MUSIC: CONCERT BAND 10 Linear,PHYSICAL AND HEALTH EDUCATION 10 LINEAR,PHYSICAL AND HEALTH EDUCATION 10 LINEAR,,INSTRUMENTAL MUSIC: JAZZ BAND 10 Linear
1156,COMPUTER SCIENCE 12,PRE-CALCULUS 12,,,AP COMPUTER SCIENCE A 12,,,,SCHOLARSHIP PREPARATION 12 LINEAR
1157,CHEMISTRY 11,LEARNING STRATEGIES 12 LINEAR,,,CHEMISTRY 12,LEARNING STRATEGIES 12 LINEAR,,,INSTRUMENTAL MUSIC 12: JAZZ BAND LINEAR
1158,,,,,,,,,"GEOMETRY 12
COMMUNITY LEADERSHIP 11"
1159,,,,,AP CALCULUS AB 12 external credential,,,,"GRAPHIC PRODUCTION 12 LINEAR
INSTRUMENTAL MUSIC 12: JAZZ BAND LINEAR
COMMUNITY LEADERSHIP 12
SCHOLARSHIP PREPARATION 12 LINEAR"
1160,"CONCERT BAND 9 Linear
PHYSICAL AND HEALTH EDUCATION 9 Girls Linear",,,,"CONCERT BAND 9 Linear
PHYSICAL AND HEALTH EDUCATION 9 Girls Linear",,,,"JAZZ BAND 9 LINEAR
CONCERT CHOIR 9 Linear"
1161,,,,,AP CALCULUS AB 12 external credential,,,,
1162,PRE-CALCULUS 12,,,,CALCULUS 12,,,,
1163,,,,,,,,,
1164,,,,,,,,,COMMUNITY LEADERSHIP 10 Linear
1165,PHYSICS 11,PRE-CALCULUS 12,,,PHYSICS 12,CALCULUS 12,,,
1166,COMPUTER SCIENCE 12,CHEMISTRY 11,,,AP COMPUTER SCIENCE A 12,CHEMISTRY 12,,,"GRAPHIC PRODUCTION 11 LINEAR
INSTRUMENTAL MUSIC 11: JAZZ BAND LINEAR
COMMUNITY LEADERSHIP 11 Linear"
1167,,,,,,,,,SCHOLARSHIP PREPARATION 12 LINEAR
1168,,,,,,,,,
1169,,,,,,,,,
1170,,,,,,,,,
1171,FOUNDATIONS OF MATH AND PRE-CALCULUS 10,,,,PRE-CALCULUS 11,,,,
1172,,,,,,,,,
1173,,,,,,,,,PEER TUTORING 10 LINEAR
1174,ENGLISH 9 FOR ELL,,,,ENGLISH LANGUAGE ARTS 9,,,,
1175,,,,,,,,,"DANCE 10: CHOREOGRAPHY Linear
DANCE COMPANY 10 Linear"
1176,,,,,,,,,
1177,CONCERT BAND 9 Linear,,,,CONCERT BAND 9 Linear,,,,JAZZ BAND 9 LINEAR
1178,PRE-CALCULUS 12,,,,CALCULUS 12,,,,
1179,MARKETING AND PROMOTION 11,,,,ENTREPRENEURSHIP 12,,,,
1180,,,,,,,,,
1181,MARKETING AND PROMOTION 11,,,,ENTREPRENEURSHIP 12,,,,
1182,INSTRUMENTAL MUSIC 12: CONCERT BAND LINEAR,,,,INSTRUMENTAL MUSIC 12: CONCERT BAND LINEAR,,,,"INSTRUMENTAL MUSIC 12: JAZZ BAND LINEAR
SCHOLARSHIP PREPARATION 12 LINEAR"
1183,,,,,,,,,"DANCE 10: CHOREOGRAPHY Linear
DANCE COMPANY 10 Linear"
1184,PRE-CALCULUS 12,,,,CALCULUS 12,,,,"WORK EXPERIENCE 12B LINEAR
SCHOLARSHIP PREPARATION 12 LINEAR"
1185,,,,,,,,,
1186,,,,,,,,,"INDEPENDENT DIRECTED STUDIES 10C
COMMUNITY LEADERSHIP 10 Linear"
1187,,,,,,,,,
1188,,,,,,,,,
1189,,,,,,,,,
1190,,,,,AP CALCULUS AB 12 external credential,,,,"DANCE 12: CHOREOGRAPHY Linear
DANCE COMPANY 12 Linear
COMMUNITY LEADERSHIP 12
SCHOLARSHIP PREPARATION 12 LINEAR"
1191,,,,,,,,,COMMUNITY LEADERSHIP 11
1192,,,,,,,,,
1193,,,,,,,,,
1194,,,,,,,,,
1195,,,,,,,,,
1196,AUTOMOTIVE TECHNOLOGY 12,,,,ENGINE AND DRIVETRAIN 12,,,,
1197,,,,,,,,,
1198,INSTRUMENTAL MUSIC 12: CONCERT BAND LINEAR,,,,INSTRUMENTAL MUSIC 12: CONCERT BAND LINEAR,,,,"GRAPHIC PRODUCTION 12 LINEAR
INSTRUMENTAL MUSIC 12: JAZZ BAND LINEAR
COMMUNITY LEADERSHIP 12 Linear
SCHOLARSHIP PREPARATION 12 LINEAR"
1199,INSTRUMENTAL MUSIC: CONCERT BAND 10 Linear,PHYSICAL AND HEALTH EDUCATION 10 LINEAR,,,INSTRUMENTAL MUSIC: CONCERT BAND 10 Linear,PHYSICAL AND HEALTH EDUCATION 10 LINEAR,PHYSICAL AND HEALTH EDUCATION 10 LINEAR,,"INDEPENDENT DIRECTED STUDIES 10C
INSTRUMENTAL MUSIC: JAZZ BAND 10 Linear"
1200,INSTRUMENTAL MUSIC 12: CONCERT BAND LINEAR,,,,INSTRUMENTAL MUSIC 12: CONCERT BAND LINEAR,,,,"INSTRUMENTAL MUSIC 12: JAZZ BAND LINEAR
COMMUNITY LEADERSHIP 12 Linear
PEER TUTORING 12 LINEAR
SCHOLARSHIP PREPARATION 12 LINEAR"
1201,NUMERACY 9,,,,MATHEMATICS 9,,,,
1202,INSTRUMENTAL MUSIC: CONCERT BAND 10 Linear,PHYSICAL AND HEALTH EDUCATION 10 LINEAR,,,INSTRUMENTAL MUSIC: CONCERT BAND 10 Linear,PHYSICAL AND HEALTH EDUCATION 10 LINEAR,PHYSICAL AND HEALTH EDUCATION 10 LINEAR,,"INSTRUMENTAL MUSIC: JAZZ BAND 10 Linear
COMMUNITY LEADERSHIP 10 Linear"
1203,CHEMISTRY 11,PRE-CALCULUS 12,,,CHEMISTRY 12,CALCULUS 12,,,
1204,,,,,,,,,
1205,MARKETING AND PROMOTION 11,,,,ENTREPRENEURSHIP 12,,,,
1206,,,,,,,,,CONCERT CHOIR 9 Linear
1207,,,,,,,,,
1208,,,,,,,,,
1209,,,,,,,,,
1210,,,,,,,,,"INDEPENDENT DIRECTED STUDIES 10C
COMMUNITY LEADERSHIP 10 Linear"
1211,,,,,,,,,
1212,,,,,,,,,
1213,,,,,,,,,
1214,INSTRUMENTAL MUSIC: CONCERT BAND 10 Linear,PHYSICAL AND HEALTH EDUCATION 10 LINEAR,,,INSTRUMENTAL MUSIC: CONCERT BAND 10 Linear,PHYSICAL AND HEALTH EDUCATION 10 LINEAR,PHYSICAL AND HEALTH EDUCATION 10 LINEAR,,INSTRUMENTAL MUSIC: JAZZ BAND 10 Linear
1215,,,,,,,,,
1216,,,,,,,,,
1217,MARKETING AND PROMOTION 11,,,,ENTREPRENEURSHIP 12,,,,
1218,,,,,,,,,STRINGS 9 LINEAR
1219,,,,,,,,,
1220,,,,,,,,,
1221,,,,,,,,,COMMUNITY LEADERSHIP 12 Linear
1222,,,,,,,,,GEOMETRY 12
1223,,,,,AP CALCULUS AB 12 external credential,,,,"DANCE 12: CHOREOGRAPHY Linear
DANCE COMPANY 12 Linear
COMMUNITY LEADERSHIP 12
SCHOLARSHIP PREPARATION 12 LINEAR"
1224,,,,,,,,,"INSTRUMENTAL MUSIC: ORCHESTRA 11 Strings Linear
COMMUNITY LEADERSHIP 11 Linear"
1225,PRE-CALCULUS 12,,,,AP CALCULUS AB 12 external credential,,,,
1226,,,,,,,,,
1227,CHEMISTRY 11,,,,CHEMISTRY 12,,,,"PEER TUTORING 12 LINEAR
SCHOLARSHIP PREPARATION 12 LINEAR"
1228,,,,,,,,,
1229,,,,,,,,,
1230,,,,,,,,,
1231,,,,,,,,,DANCE 9 Choreography Linear
1232,INSTRUMENTAL MUSIC: CONCERT BAND 10 Linear,PHYSICAL AND HEALTH EDUCATION 10 LINEAR,,,INSTRUMENTAL MUSIC: CONCERT BAND 10 Linear,PHYSICAL AND HEALTH EDUCATION 10 LINEAR,PHYSICAL AND HEALTH EDUCATION 10 LINEAR,,
1233,,,,,,,,,
1234,,,,,,,,,"GRAPHIC PRODUCTION 12 LINEAR
COMMUNITY LEADERSHIP 12 Linear"
1235,,,,,CALCULUS 12,,,,COMMUNITY LEADERSHIP 12
1236,INSTRUMENTAL MUSIC: CONCERT BAND 10 Linear,PHYSICAL AND HEALTH EDUCATION 10 LINEAR,,,INSTRUMENTAL MUSIC: CONCERT BAND 10 Linear,PHYSICAL AND HEALTH EDUCATION 10 LINEAR,PHYSICAL AND HEALTH EDUCATION 10 LINEAR,,INSTRUMENTAL MUSIC: JAZZ BAND 10 Linear
1237,,,,,,,,,"CHORAL MUSIC 11: CONCERT CHOIR Linear
DANCE 11: CHOREOGRAPHY Linear
DANCE COMPANY 11 Linear"
1238,PHYSICS 11,PRE-CALCULUS 12,,,PHYSICS 12,CALCULUS 12,,,
1239,,,,,,,,,
1240,,,,,,,,,
1241,COMPUTER SCIENCE 11,,,,COMPUTER SCIENCE 12,,,,"GEOMETRY 12
PEER TUTORING 11 LINEAR"
1242,,,,,,,,,CAREER LIFE CONNECTIONS
1243,,,,,,,,,
1244,,,,,,,,,
1245,,,,,,,,,
1246,,,,,,,,,
1247,,,,,,,,,
1248,,,,,,,,,
1249,,,,,,,,,
1250,,,,,,,,,
1251,PRE-CALCULUS 11,,,,PRE-CALCULUS 12,,,,PEER TUTORING 11 LINEAR
1252,"CAREER LIFE EDUCATION 10 Linear
INSTRUMENTAL MUSIC 11: CONCERT BAND LINEAR",,,,"CAREER LIFE EDUCATION 10 Linear
INSTRUMENTAL MUSIC 11: CONCERT BAND LINEAR",,,,INSTRUMENTAL MUSIC 11: JAZZ BAND LINEAR
1253,,,,,,,,,
1254,,,,,,,,,"CAREER LIFE CONNECTIONS
DANCE COMPANY 12 Linear"
1255,"CAREER LIFE EDUCATION 10 Linear
INSTRUMENTAL MUSIC 11: CONCERT BAND LINEAR",,,,"CAREER LIFE EDUCATION 10 Linear
INSTRUMENTAL MUSIC 11: CONCERT BAND LINEAR",,,,"GRAPHIC PRODUCTION 11 LINEAR
COMMUNITY LEADERSHIP 11 Linear"
1256,COMPUTER SCIENCE 11,,,,COMPUTER SCIENCE 12,,,,"CHORAL MUSIC 12: CONCERT CHOIR Linear
COMMUNITY LEADERSHIP 12"
1257,,,,,,,,,
1258,CONCERT BAND 9 Linear,,,,CONCERT BAND 9 Linear,,,,STRINGS 9 LINEAR
1259,,,,,,,,,
1260,CONCERT BAND 9 Linear,,,,CONCERT BAND 9 Linear,,,,"JAZZ BAND 9 LINEAR
CONCERT CHOIR 9 Linear"
1261,,,,,,,,,
1262,CHEMISTRY 11,,,,CHEMISTRY 12,,,,
1263,,,,,,,,,
1264,CAREER LIFE EDUCATION 10 Linear,LEARNING STRATEGIES 11 LINEAR,,,CAREER LIFE EDUCATION 10 Linear,LEARNING STRATEGIES 11 LINEAR,LEARNING STRATEGIES 11 LINEAR,,
1265,,,,,,,,,"DANCE 11: CHOREOGRAPHY Linear
DANCE COMPANY 11 Linear"
1266,"CAREER LIFE EDUCATION 10 Linear
INSTRUMENTAL MUSIC 11: CONCERT BAND LINEAR",,,,"CAREER LIFE EDUCATION 10 Linear
INSTRUMENTAL MUSIC 11: CONCERT BAND LINEAR",,,,"INSTRUMENTAL MUSIC 11: JAZZ BAND LINEAR
INSTRUMENTAL MUSIC: ORCHESTRA 11 Strings Linear"
1267,,,,,,,,,
1268,PRE-CALCULUS 11 HONOURS,,,,PRE-CALCULUS 12,,,,"GEOMETRY 12
COMMUNITY LEADERSHIP 11 Linear"
1269,ENGLISH 9 FOR ELL,,,,ENGLISH LANGUAGE ARTS 9,,,,
1270,,,,,,,,,
1271,,,,,,,,,
1272,,,,,,,,,
1273,,,,,,,,,
1274,PRE-CALCULUS 12,,,,AP CALCULUS AB 12 external credential,,,,
1275,,,,,,,,,COMMUNITY LEADERSHIP 12 Linear
1276,,,,,,,,,
1277,,,,,,,,,
1278,MARKETING AND PROMOTION 11,,,,ENTREPRENEURSHIP 12,,,,
1279,,,,,,,,,
1280,,,,,,,,,
1281,,,,,,,,,
1282,,,,,,,,,
1283,,,,,,,,,
1284,PRE-CALCULUS 11,,,,PRE-CALCULUS 12,,,,"INSTRUMENTAL MUSIC: ORCHESTRA 11 Strings Linear
COMMUNITY LEADERSHIP 11 Linear"
1285,,,,,,,,,INSTRUMENTAL MUSIC: ORCHESTRA 11 Strings Linear
1286,,,,,,,,,
1287,,,,,,,,,
1288,,,,,,,,,
1289,,,,,,,,,
1290,,,,,,,,,INDEPENDENT DIRECTED STUDIES 10C
1291,,,,,,,,,
1292,PRE-CALCULUS 12,,,,CALCULUS 12,,,,
1293,,,,,,,,,
1294,LIFE SCIENCES 11,,,,ANATOMY AND PHYSIOLOGY 12,,,,COMMUNITY LEADERSHIP 12
1295,,,,,,,,,INSTRUMENTAL MUSIC: ORCHESTRA 12 Strings Linear
1296,EXPLORATIONS IN SOCIAL STUDIES 11,,,,CONTEMPORARY INDIGENOUS STUDIES 12,,,,COMMUNITY LEADERSHIP 11 Linear
1297,,,,,,,,,"GEOMETRY 12
PEER TUTORING 11 LINEAR"
1298,,,,,,,,,STRINGS 9 LINEAR
1299,CHEMISTRY 11,,,,CHEMISTRY 12,,,,"COMMUNITY LEADERSHIP 12
SCHOLARSHIP PREPARATION 12 LINEAR"
1300,,,,,,,,,CAREER LIFE CONNECTIONS
1301,,,,,,,,,
1302,,,,,,,,,
1303,,,,,,,,,
1304,,,,,,,,,"CHORAL MUSIC 11: CONCERT CHOIR Linear
GRAPHIC PRODUCTION 11 LINEAR
COMMUNITY LEADERSHIP 11"
1305,,,,,,,,,
1306,,,,,,,,,
1307,,,,,,,,,
1308,INSTRUMENTAL MUSIC: CONCERT BAND 10 Linear,PHYSICAL AND HEALTH EDUCATION 10 LINEAR,,,INSTRUMENTAL MUSIC: CONCERT BAND 10 Linear,PHYSICAL AND HEALTH EDUCATION 10 LINEAR,PHYSICAL AND HEALTH EDUCATION 10 LINEAR,,INSTRUMENTAL MUSIC: JAZZ BAND 10 Linear
1309,PRE-CALCULUS 11,,,,PRE-CALCULUS 12,,,,"INSTRUMENTAL MUSIC: ORCHESTRA 11 Strings Linear
COMMUNITY LEADERSHIP 11 Linear"
1310,,,,,,,,,
1311,,,,,,,,,
1312,,,,,,,,,"DANCE 9 Choreography Linear
DANCE 9 Company: Platform 61 Linear"
1313,,,,,,,,,
1314,,,,,CALCULUS 12,,,,"DANCE 12: CHOREOGRAPHY Linear
DANCE COMPANY 12 Linear
COMMUNITY LEADERSHIP 12 Linear
SCHOLARSHIP PREPARATION 12 LINEAR"
1315,PRE-CALCULUS 11,,,,PRE-CALCULUS 12,,,,COMMUNITY LEADERSHIP 11 Linear
1316,,,,,,,,,COMMUNITY LEADERSHIP 12
1317,,,,,,,,,
1318,,,,,,,,,PEER TUTORING 12 LINEAR
1319,,,,,,,,,"DANCE 10: CHOREOGRAPHY Linear
DANCE COMPANY 10 Linear"
1320,,,,,,,,,COMMUNITY LEADERSHIP 10
1321,,,,,,,,,"GEOMETRY 12
COMMUNITY LEADERSHIP 10"
1322,INSTRUMENTAL MUSIC: CONCERT BAND 10 Linear,PHYSICAL AND HEALTH EDUCATION 10 LINEAR,,,INSTRUMENTAL MUSIC: CONCERT BAND 10 Linear,PHYSICAL AND HEALTH EDUCATION 10 LINEAR,PHYSICAL AND HEALTH EDUCATION 10 LINEAR,,"DANCE 10: CHOREOGRAPHY Linear
DANCE COMPANY 10 Linear"
1323,,,,,,,,,
1324,,,,,,,,,DANCE COMPANY 10 Linear
1325,,,,,,,,,COMMUNITY LEADERSHIP 12 Linear
1326,,,,,,,,,COMMUNITY LEADERSHIP 11
1327,,,,,,,,,
1328,,,,,,,,,CAREER LIFE CONNECTIONS
1329,,,,,AP CALCULUS AB 12 external credential,,,,"COMMUNITY LEADERSHIP 12 Linear
PEER TUTORING 12 LINEAR
SCHOLARSHIP PREPARATION 12 LINEAR"
1330,PRE-CALCULUS 12,,,,AP CALCULUS AB 12 external credential,CALCULUS 12,,,COMMUNITY LEADERSHIP 12 Linear
1331,PRE-CALCULUS 12,,,,CALCULUS 12,,,,"INSTRUMENTAL MUSIC 12: JAZZ BAND LINEAR
COMMUNITY LEADERSHIP 12
SCHOLARSHIP PREPARATION 12 LINEAR"
1332,CONCERT BAND 9 Linear,,,,CONCERT BAND 9 Linear,,,,
1333,,,,,,,,,
1334,,,,,,,,,
1335,,,,,,,,,COMMUNITY LEADERSHIP 11
1336,"CAREER LIFE EDUCATION 10 Linear
INSTRUMENTAL MUSIC 11: CONCERT BAND LINEAR",,,,"CAREER LIFE EDUCATION 10 Linear
INSTRUMENTAL MUSIC 11: CONCERT BAND LINEAR",,,,"GEOMETRY 12
GRAPHIC PRODUCTION 11 LINEAR"
1337,,,,,AP CALCULUS AB 12 external credential,,,,COMMUNITY LEADERSHIP 12
1338,"CAREER LIFE EDUCATION 10 Linear
INSTRUMENTAL MUSIC 11: CONCERT BAND LINEAR",,,,"CAREER LIFE EDUCATION 10 Linear
INSTRUMENTAL MUSIC 11: CONCERT BAND LINEAR",,,,"GEOMETRY 12
INSTRUMENTAL MUSIC 11: JAZZ BAND LINEAR
INSTRUMENTAL MUSIC: ORCHESTRA 11 Strings Linear"
1339,,,,,,,,,STRINGS 9 LINEAR
1340,CONCERT BAND 9 Linear,,,,CONCERT BAND 9 Linear,,,,"JAZZ BAND 9 LINEAR
STRINGS 9 LINEAR"
1341,,,,,,,,,
1342,,,,,,,,,
1343,,,,,,,,,
1344,FRENCH 10,,,,FRENCH 11,,,,PEER TUTORING 10 LINEAR
1345,,,,,,,,,
1346,PRE-CALCULUS 11,,,,PRE-CALCULUS 12,,,,
1347,,,,,,,,,
1348,,,,,,,,,
1349,INSTRUMENTAL MUSIC: CONCERT BAND 10 Linear,PHYSICAL AND HEALTH EDUCATION 10 LINEAR,,,INSTRUMENTAL MUSIC: CONCERT BAND 10 Linear,PHYSICAL AND HEALTH EDUCATION 10 LINEAR,PHYSICAL AND HEALTH EDUCATION 10 LINEAR,,INSTRUMENTAL MUSIC: JAZZ BAND 10 Linear
1350,EXPLORATIONS IN SOCIAL STUDIES 11,,,,20th CENTURY WORLD HISTORY 12,COMPARATIVE CULTURES 12,,,
1351,,,,,,,,,
1352,,,,,,,,,
1353,,,,,,,,,
1354,,,,,CALCULUS 12,,,,PEER TUTORING 12 LINEAR
1355,,,,,,,,,
1356,,,,,,,,,"WORK EXPERIENCE 12A LINEAR
COMMUNITY LEADERSHIP 12
SCHOLARSHIP PREPARATION 12 LINEAR"
1357,,,,,,,,,
1358,,,,,,,,,
1359,PHYSICS 11,PRE-CALCULUS 12,,,PHYSICS 12,CALCULUS 12,,,
1360,COMPUTER SCIENCE 12,,,,AP COMPUTER SCIENCE A 12,,,,"GEOMETRY 12
PEER TUTORING 11 LINEAR"
1361,,,,,,,,,
1362,CONCERT BAND 9 Linear,,,,CONCERT BAND 9 Linear,,,,"JAZZ BAND 9 LINEAR
STRINGS 9 LINEAR"
1363,PRE-CALCULUS 12,,,,CALCULUS 12,,,,
1364,,,,,,,,,
1365,"CAREER LIFE EDUCATION 10 Linear
INSTRUMENTAL MUSIC 11: CONCERT BAND LINEAR",,,,"CAREER LIFE EDUCATION 10 Linear
INSTRUMENTAL MUSIC 11: CONCERT BAND LINEAR",,,,"GRAPHIC PRODUCTION 11 LINEAR
COMMUNITY LEADERSHIP 11 Linear"
1366,,,,,,,,,CAREER LIFE CONNECTIONS
1367,,,,,,,,,
1368,,,,,,,,,
1369,,,,,,,,,
1370,,,,,,,,,
1371,,,,,,,,,
1372,,,,,,,,,COMMUNITY LEADERSHIP 12 Linear
1373,,,,,,,,,"DANCE 11: CHOREOGRAPHY Linear
DANCE COMPANY 11 Linear
WORK EXPERIENCE 12A LINEAR"
1374,,,,,,,,,INSTRUMENTAL MUSIC: ORCHESTRA 10 Strings LINEAR
1375,,,,,,,,,
1376,,,,,,,,,COMMUNITY LEADERSHIP 10 Linear
1377,,,,,,,,,
1378,,,,,,,,,
1379,PRE-CALCULUS 11 HONOURS,,,,PRE-CALCULUS 12,,,,"INSTRUMENTAL MUSIC: ORCHESTRA 11 Strings Linear
COMMUNITY LEADERSHIP 11 Linear
COMMUNITY LEADERSHIP 11"
1380,,,,,AP CALCULUS AB 12 external credential,,,,"INSTRUMENTAL MUSIC 12: JAZZ BAND LINEAR
COMMUNITY LEADERSHIP 12
SCHOLARSHIP PREPARATION 12 LINEAR"
1381,FRENCH 10,,,,FRENCH 11,,,,"INSTRUMENTAL MUSIC: ORCHESTRA 12 Strings Linear
COMMUNITY LEADERSHIP 12 Linear
COMMUNITY LEADERSHIP 12
SCHOLARSHIP PREPARATION 12 LINEAR"
1382,,,,,AP CALCULUS AB 12 external credential,,,,"GEOMETRY 12
INSTRUMENTAL MUSIC 12: JAZZ BAND LINEAR"
1383,,,,,,,,,
1384,,,,,,,,,
1385,"CONCERT BAND 9 Linear
PHYSICAL AND HEALTH EDUCATION 9 Boys Linear",,,,"CONCERT BAND 9 Linear
PHYSICAL AND HEALTH EDUCATION 9 Boys Linear",,,,JAZZ BAND 9 LINEAR
1386,,,,,,,,,
1387,,,,,,,,,"GEOMETRY 12
INSTRUMENTAL MUSIC: ORCHESTRA 11 Strings Linear
COMMUNITY LEADERSHIP 11 Linear"
1388,CONCERT BAND 9 Linear,,,,CONCERT BAND 9 Linear,,,,JAZZ BAND 9 LINEAR
1389,,,,,,,,,
1390,INSTRUMENTAL MUSIC 12: CONCERT BAND LINEAR,,,,INSTRUMENTAL MUSIC 12: CONCERT BAND LINEAR,,,,COMMUNITY LEADERSHIP 12 Linear
1391,PRE-CALCULUS 11,,,,PRE-CALCULUS 12,,,,"GRAPHIC PRODUCTION 11 LINEAR
COMMUNITY LEADERSHIP 11 Linear"
1392,,,,,,,,,
1393,AUTOMOTIVE TECHNOLOGY 12,,,,ENGINE AND DRIVETRAIN 12,,,,GEOMETRY 12
1394,,,,,AP CALCULUS AB 12 external credential,,,,GEOMETRY 12
1395,,,,,,,,,
1396,,,,,,,,,
1397,,,,,,,,,
1398,CAREER LIFE EDUCATION 10 Linear,LEARNING STRATEGIES 11 LINEAR,,,CAREER LIFE EDUCATION 10 Linear,LEARNING STRATEGIES 11 LINEAR,LEARNING STRATEGIES 11 LINEAR,,
1399,PRE-CALCULUS 12,,,,CALCULUS 12,,,,GEOMETRY 12
1400,,,,,,,,,CAREER LIFE CONNECTIONS
1401,,,,,,,,,"GRAPHIC PRODUCTION 11 LINEAR
COMMUNITY LEADERSHIP 11 Linear"
1402,COMPUTER SCIENCE 12,,,,AP COMPUTER SCIENCE A 12,,,,GRAPHIC PRODUCTION 11 LINEAR
1403,,,,,,,,,INDEPENDENT DIRECTED STUDIES 10C
1404,,,,,,,,,
1405,COMPUTER SCIENCE 12,,,,AP COMPUTER SCIENCE A 12,,,,"WORK EXPERIENCE 12A LINEAR
COMMUNITY LEADERSHIP 12 Linear"
1406,,,,,AP CALCULUS AB 12 external credential,,,,
1407,"BEGINNER BAND 9 LINEAR
PHYSICAL AND HEALTH EDUCATION 9 Girls Linear",,,,"BEGINNER BAND 9 LINEAR
PHYSICAL AND HEALTH EDUCATION 9 Girls Linear",,,,
1408,,,,,,,,,
1409,,,,,,,,,
1410,,,,,,,,,
1411,ENGLISH 9 FOR ELL,,,,ENGLISH LANGUAGE ARTS 9,,,,
1412,INSTRUMENTAL MUSIC: CONCERT BAND 10 Linear,PHYSICAL AND HEALTH EDUCATION 10 LINEAR,,,INSTRUMENTAL MUSIC: CONCERT BAND 10 Linear,PHYSICAL AND HEALTH EDUCATION 10 LINEAR,PHYSICAL AND HEALTH EDUCATION 10 LINEAR,,"CHORAL MUSIC: CONCERT CHOIR 10 Linear
COMMUNITY LEADERSHIP 10 Linear"
1413,,,,,,,,,
1414,,,,,,,,,
1415,INSTRUMENTAL MUSIC: CONCERT BAND 10 Linear,PHYSICAL AND HEALTH EDUCATION 10 LINEAR,,,INSTRUMENTAL MUSIC: CONCERT BAND 10 Linear,PHYSICAL AND HEALTH EDUCATION 10 LINEAR,PHYSICAL AND HEALTH EDUCATION 10 LINEAR,,INSTRUMENTAL MUSIC: JAZZ BAND 10 Linear
1416,FOUNDATIONS OF MATH AND PRE-CALCULUS 10,,,,PRE-CALCULUS 11,,,,SCHOLARSHIP PREPARATION 12 LINEAR
1417,,,,,,,,,
1418,,,,,,,,,
1419,,,,,,,,,
1420,,,,,,,,,
1421,,,,,,,,,
1422,,,,,,,,,
1423,EXPLORATIONS IN SOCIAL STUDIES 11,,,,20th CENTURY WORLD HISTORY 12,,,,"DANCE 11: CHOREOGRAPHY Linear
DANCE COMPANY 11 Linear
COMMUNITY LEADERSHIP 11"
1424,PRE-CALCULUS 12,,,,CALCULUS 12,,,,
1425,AUTOMOTIVE TECHNOLOGY 11,,,,AUTOMOTIVE TECHNOLOGY 12,,,,"INSTRUMENTAL MUSIC 12: JAZZ BAND LINEAR
SCHOLARSHIP PREPARATION 12 LINEAR"
1426,,,,,,,,,
1427,,,,,,,,,
1428,,,,,,,,,
1429,,,,,,,,,
1430,PRE-CALCULUS 12,,,,CALCULUS 12,,,,SCHOLARSHIP PREPARATION 12 LINEAR
1431,,,,,,,,,
1432,PRE-CALCULUS 12,,,,CALCULUS 12,,,,
1433,CONCERT BAND 9 Linear,,,,CONCERT BAND 9 Linear,,,,
1434,,,,,,,,,
1435,,,,,,,,,
1436,,,,,,,,,
1437,,,,,,,,,"DANCE 9 Choreography Linear
DANCE 9 Company: Platform 61 Linear"
1438,,,,,,,,,CAREER LIFE CONNECTIONS
1439,,,,,,,,,
1440,CONCERT BAND 9 Linear,,,,CONCERT BAND 9 Linear,,,,
1441,,,,,,,,,
1442,,,,,,,,,
1443,,,,,,,,,INSTRUMENTAL MUSIC: ORCHESTRA 12 Strings Linear
1444,,,,,,,,,
1445,"CAREER LIFE EDUCATION 10 Linear
INSTRUMENTAL MUSIC 11: CONCERT BAND LINEAR",,,,"CAREER LIFE EDUCATION 10 Linear
INSTRUMENTAL MUSIC 11: CONCERT BAND LINEAR",,,,"INSTRUMENTAL MUSIC 11: JAZZ BAND LINEAR
COMMUNITY LEADERSHIP 11"
1446,,,,,,,,,CHORAL MUSIC 12: CONCERT CHOIR Linear
1447,,,,,,,,,
1448,,,,,,,,,"WORK EXPERIENCE 12A LINEAR
WORK EXPERIENCE 12B LINEAR"
1449,,,,,,,,,
1450,,,,,,,,,
1451,,,,,,,,,
1452,,,,,,,,,
1453,,,,,,,,,
1454,MARKETING AND PROMOTION 11,,,,ENTREPRENEURSHIP 12,,,,
1455,,,,,,,,,
1456,,,,,,,,,
1457,,,,,,,,,
1458,"CONCERT BAND 9 Linear
PHYSICAL AND HEALTH EDUCATION 9 Girls Linear",,,,"CONCERT BAND 9 Linear
PHYSICAL AND HEALTH EDUCATION 9 Girls Linear",,,,JAZZ BAND 9 LINEAR
1459,CAREER LIFE EDUCATION 10 Linear,LEARNING STRATEGIES 11 LINEAR,,,CAREER LIFE EDUCATION 10 Linear,LEARNING STRATEGIES 11 LINEAR,LEARNING STRATEGIES 11 LINEAR,,
1460,CAREER LIFE EDUCATION 10 Linear,LEARNING STRATEGIES 11 LINEAR,,,CAREER LIFE EDUCATION 10 Linear,LEARNING STRATEGIES 11 LINEAR,LEARNING STRATEGIES 11 LINEAR,,
1461,,,,,,,,,
1462,,,,,,,,,"DANCE 9 Choreography Linear
DANCE 9 Company: Platform 61 Linear"
1463,,,,,,,,,"DANCE 11: CHOREOGRAPHY Linear
DANCE COMPANY 11 Linear"
1464,,,,,,,,,
1465,,,,,,,,,
1466,AUTOMOTIVE TECHNOLOGY 11,,,,AUTOMOTIVE TECHNOLOGY 12,,,,COMMUNITY LEADERSHIP 12 Linear
1467,CONCERT BAND 9 Linear,,,,CONCERT BAND 9 Linear,,,,"JAZZ BAND 9 LINEAR
STRINGS 9 LINEAR"
1468,CAREER LIFE EDUCATION 10 Linear,LEARNING STRATEGIES 11 LINEAR,,,CAREER LIFE EDUCATION 10 Linear,LEARNING STRATEGIES 11 LINEAR,LEARNING STRATEGIES 11 LINEAR,,
1469,CONCERT BAND 9 Linear,,,,CONCERT BAND 9 Linear,,,,JAZZ BAND 9 LINEAR
1470,,,,,,,,,
1471,,,,,,,,,COMMUNITY LEADERSHIP 10 Linear
1472,,,,,,,,,
1473,,,,,,,,,
1474,,,,,,,,,
1475,INSTRUMENTAL MUSIC 12: CONCERT BAND LINEAR,,,,INSTRUMENTAL MUSIC 12: CONCERT BAND LINEAR,,,,INSTRUMENTAL MUSIC 12: JAZZ BAND LINEAR
1476,INSTRUMENTAL MUSIC: CONCERT BAND 10 Linear,PHYSICAL AND HEALTH EDUCATION 10 LINEAR,,,INSTRUMENTAL MUSIC: CONCERT BAND 10 Linear,PHYSICAL AND HEALTH EDUCATION 10 LINEAR,PHYSICAL AND HEALTH EDUCATION 10 LINEAR,,INSTRUMENTAL MUSIC: JAZZ BAND 10 Linear
1477,,,,,,,,,
1478,CONCERT BAND 9 Linear,,,,CONCERT BAND 9 Linear,,,,"JAZZ BAND 9 LINEAR
CONCERT CHOIR 9 Linear"
1479,,,,,,,,,COMMUNITY LEADERSHIP 12
1480,,,,,,,,,
1481,,,,,,,,,
1482,,,,,,,,,STRINGS 9 LINEAR
1483,,,,,,,,,COMMUNITY LEADERSHIP 11 Linear
1484,,,,,,,,,
1485,,,,,,,,,WORK EXPERIENCE 12A LINEAR
1486,CONCERT BAND 9 Linear,,,,CONCERT BAND 9 Linear,,,,
1487,"CONCERT BAND 9 Linear
PHYSICAL AND HEALTH EDUCATION 9 Boys Linear",,,,"CONCERT BAND 9 Linear
PHYSICAL AND HEALTH EDUCATION 9 Boys Linear",,,,
1488,,,,,,,,,
1489,,,,,,,,,"DANCE 10: CHOREOGRAPHY Linear
DANCE COMPANY 10 Linear"
1490,,,,,,,,,"INDEPENDENT DIRECTED STUDIES 10C
CHORAL MUSIC: CONCERT CHOIR 10 Linear"
1491,CHEMISTRY 11,PRE-CALCULUS 12,,,CHEMISTRY 12,CALCULUS 12,,,
1492,,,,,,,,,
1493,,,,,,,,,
1494,CHEMISTRY 11,,,,CHEMISTRY 12,,,,GEOMETRY 12
1495,,,,,,,,,
1496,,,,,,,,,"GRAPHIC PRODUCTION 12 LINEAR
PEER TUTORING 12 LINEAR"
1497,CONCERT BAND 9 Linear,,,,CONCERT BAND 9 Linear,,,,
1498,,,,,,,,,SCHOLARSHIP PREPARATION 12 LINEAR
1499,INSTRUMENTAL MUSIC: CONCERT BAND 10 Linear,PHYSICAL AND HEALTH EDUCATION 10 LINEAR,,,INSTRUMENTAL MUSIC: CONCERT BAND 10 Linear,PHYSICAL AND HEALTH EDUCATION 10 LINEAR,PHYSICAL AND HEALTH EDUCATION 10 LINEAR,,INDEPENDENT DIRECTED STUDIES 10C
1500,INSTRUMENTAL MUSIC 11: CONCERT BAND LINEAR,,,,INSTRUMENTAL MUSIC 11: CONCERT BAND LINEAR,,,,
1501,,,,,,,,,
1502,,,,,,,,,COMMUNITY LEADERSHIP 11 Linear
1503,,,,,,,,,
1504,SPANISH 11,,,,SPANISH 12,,,,"DANCE 12: CHOREOGRAPHY Linear
DANCE COMPANY 12 Linear"
1505,,,,,,,,,"GEOMETRY 12
PEER TUTORING 12 LINEAR"
1506,,,,,,,,,
1507,ENGLISH 9 FOR ELL,,,,ENGLISH LANGUAGE ARTS 9,,,,
1508,,,,,,,,,COMMUNITY LEADERSHIP 10
1509,,,,,,,,,
1510,"CAREER LIFE EDUCATION 10 Linear
INSTRUMENTAL MUSIC 11: CONCERT BAND LINEAR",,,,"CAREER LIFE EDUCATION 10 Linear
INSTRUMENTAL MUSIC 11: CONCERT BAND LINEAR",,,,COMMUNITY LEADERSHIP 11
1511,LIFE SCIENCES 11,,,,ANATOMY AND PHYSIOLOGY 12,,,,"GRAPHIC PRODUCTION 12 LINEAR
SCHOLARSHIP PREPARATION 12 LINEAR"
1512,,,,,CALCULUS 12,,,,INSTRUMENTAL MUSIC 12: JAZZ BAND LINEAR
1513,,,,,,,,,
1514,INSTRUMENTAL MUSIC: CONCERT BAND 10 Linear,PHYSICAL AND HEALTH EDUCATION 10 LINEAR,,,INSTRUMENTAL MUSIC: CONCERT BAND 10 Linear,PHYSICAL AND HEALTH EDUCATION 10 LINEAR,PHYSICAL AND HEALTH EDUCATION 10 LINEAR,,INSTRUMENTAL MUSIC: JAZZ BAND 10 Linear
1515,,,,,,,,,CONCERT CHOIR 9 Linear
1516,,,,,,,,,"GRAPHIC PRODUCTION 12 LINEAR
SCHOLARSHIP PREPARATION 12 LINEAR"
1517,,,,,,,,,INSTRUMENTAL MUSIC: ORCHESTRA 11 Strings Linear
1518,,,,,,,,,"DANCE COMPANY 12 Linear
COMMUNITY LEADERSHIP 12 Linear
PEER TUTORING 12 LINEAR"
1519,,,,,,,,,
1520,WEB DEVELOPMENT,,,,WEB DEVELOPMENT 12,,,,"GRAPHIC PRODUCTION 11 LINEAR
INSTRUMENTAL MUSIC: ORCHESTRA 11 Strings Linear
PEER TUTORING 11 LINEAR"
1521,BEGINNER BAND 9 LINEAR,,,,BEGINNER BAND 9 LINEAR,,,,
1522,,,,,,,,,INSTRUMENTAL MUSIC 12: JAZZ BAND LINEAR
1523,,,,,,,,,
1524,PRE-CALCULUS 12,,,,CALCULUS 12,,,,SCHOLARSHIP PREPARATION 12 LINEAR
1525,,,,,,,,,"COMMUNITY LEADERSHIP 11 Linear
COMMUNITY LEADERSHIP 11"
1526,,,,,,,,,
1527,,,,,,,,,
1528,,,,,,,,,
1529,AUTOMOTIVE TECHNOLOGY 11,,,,AUTOMOTIVE TECHNOLOGY 12,,,,SCHOLARSHIP PREPARATION 12 LINEAR
1530,,,,,,,,,
1531,,,,,,,,,INDEPENDENT DIRECTED STUDIES 10C
1532,,,,,,,,,
1533,COMPUTER SCIENCE 12,,,,AP COMPUTER SCIENCE A 12,,,,"CHORAL MUSIC 12: CONCERT CHOIR Linear
GRAPHIC PRODUCTION 12 LINEAR
INSTRUMENTAL MUSIC: ORCHESTRA 12 Strings Linear
COMMUNITY LEADERSHIP 12"
1534,,,,,,,,,
1535,FOUNDATIONS OF MATH AND PRE-CALCULUS 10,,,,PRE-CALCULUS 11,,,,
1536,INSTRUMENTAL MUSIC: CONCERT BAND 10 Linear,LEARNING STRATEGIES 10 LINEAR,,,INSTRUMENTAL MUSIC: CONCERT BAND 10 Linear,LEARNING STRATEGIES 10 LINEAR,LEARNING STRATEGIES 10 LINEAR,,INSTRUMENTAL MUSIC: JAZZ BAND 10 Linear
1537,,,,,,,,,
1538,,,,,,,,,"GEOMETRY 12
COMMUNITY LEADERSHIP 11 Linear"
1539,,,,,,,,,INSTRUMENTAL MUSIC: ORCHESTRA 11 Strings Linear
1540,,,,,,,,,
1541,,,,,,,,,
1542,,,,,,,,,CAREER LIFE CONNECTIONS
1543,,,,,,,,,"CONCERT CHOIR 9 Linear
STRINGS 9 LINEAR"
1544,,,,,,,,,
1545,,,,,,,,,
1546,,LEARNING STRATEGIES 12 LINEAR,,,,LEARNING STRATEGIES 12 LINEAR,,,
1547,,,,,,,,,
1548,,,,,,,,,
1549,INSTRUMENTAL MUSIC: CONCERT BAND 10 Linear,PHYSICAL AND HEALTH EDUCATION 10 LINEAR,,,INSTRUMENTAL MUSIC: CONCERT BAND 10 Linear,PHYSICAL AND HEALTH EDUCATION 10 LINEAR,PHYSICAL AND HEALTH EDUCATION 10 LINEAR,,"COMMUNITY LEADERSHIP 10 Linear
PEER TUTORING 10 LINEAR"
1550,,,,,,,,,
1551,,,,,,,,,
1552,,,,,,,,,
1553,,,,,,,,,"DANCE COMPANY 10 Linear
COMMUNITY LEADERSHIP 10 Linear"
1554,,,,,,,,,
1555,ACCOUNTING 11,COMPUTER SCIENCE 12,,,ACCOUNTING 12,,,,
1556,,,,,,,,,
1557,,,,,,,,,
1558,COMPUTER SCIENCE 12,,,,AP COMPUTER SCIENCE A 12,,,,SCHOLARSHIP PREPARATION 12 LINEAR
1559,,,,,,,,,
1560,,,,,,,,,
1561,,,,,AP CALCULUS AB 12 external credential,,,,"GEOMETRY 12
COMMUNITY LEADERSHIP 12
SCHOLARSHIP PREPARATION 12 LINEAR"
1562,,,,,,,,,
1563,PRE-CALCULUS 12,,,,CALCULUS 12,,,,
1564,,,,,,,,,
1565,PRE-CALCULUS 11 HONOURS,,,,PRE-CALCULUS 12 HONOURS,,,,
1566,,,,,,,,,
1567,,,,,,,,,
1568,,,,,,,,,"GEOMETRY 12
COMMUNITY LEADERSHIP 12 Linear"
1569,INSTRUMENTAL MUSIC 12: CONCERT BAND LINEAR,,,,INSTRUMENTAL MUSIC 12: CONCERT BAND LINEAR,,,,"CHORAL MUSIC 12: CONCERT CHOIR Linear
SCHOLARSHIP PREPARATION 12 LINEAR"
1570,,,,,,,,,
1571,,,,,,,,,
1572,,,,,,,,,PEER TUTORING 12 LINEAR
1573,,,,,,,,,
1574,COMPOSITION 11,,,,ENGLISH STUDIES 12,,,,
1575,,,,,,,,,
1576,"CAREER LIFE EDUCATION 10 Linear
INSTRUMENTAL MUSIC 11: CONCERT BAND LINEAR",,,,"CAREER LIFE EDUCATION 10 Linear
INSTRUMENTAL MUSIC 11: CONCERT BAND LINEAR",,,,"GRAPHIC PRODUCTION 11 LINEAR
INSTRUMENTAL MUSIC 11: JAZZ BAND LINEAR
COMMUNITY LEADERSHIP 11"
1577,,,,,,,,,
1578,,,,,,,,,
1579,PRE-CALCULUS 12,,,,CALCULUS 12,,,,
1580,ACCOUNTING 11,PRE-CALCULUS 12,,,ACCOUNTING 12,CALCULUS 12,,,SCHOLARSHIP PREPARATION 12 LINEAR
1581,,,,,,,,,
1582,,,,,,,,,
1583,,,,,,,,,GRAPHIC PRODUCTION 12 LINEAR
1584,"CONCERT BAND 9 Linear
PHYSICAL AND HEALTH EDUCATION 9 Boys Linear",,,,"CONCERT BAND 9 Linear
PHYSICAL AND HEALTH EDUCATION 9 Boys Linear",,,,
1585,,,,,,,,,
1586,PRE-CALCULUS 12,,,,CALCULUS 12,,,,SCHOLARSHIP PREPARATION 12 LINEAR
1587,"CONCERT BAND 9 Linear
PHYSICAL AND HEALTH EDUCATION 9 Boys Linear",,,,"CONCERT BAND 9 Linear
PHYSICAL AND HEALTH EDUCATION 9 Boys Linear",,,,JAZZ BAND 9 LINEAR
1588,,,,,,,,,
1589,,,,,,,,,
1590,,,,,,,,,
1591,,,,,,,,,
1592,,,,,,,,,
1593,,,,,,,,,
1594,,,,,,,,,"DANCE 9 Company: Platform 61 Linear
CONCERT CHOIR 9 Linear"
1595,,,,,,,,,
1596,,,,,,,,,WORK EXPERIENCE 12A LINEAR
1597,CREATIVE WRITING 11,,,,ENGLISH STUDIES 12,,,,"WORK EXPERIENCE 12A LINEAR
PEER TUTORING 11 LINEAR"
1598,,,,,,,,,INSTRUMENTAL MUSIC: ORCHESTRA 10 Strings LINEAR
1599,,,,,,,,,
1600,PRE-CALCULUS 12,,,,AP CALCULUS AB 12 external credential,ENGINE AND DRIVETRAIN 12,,,
1601,,,,,,,,,
1602,,,,,,,,,
1603,,,,,,,,,COMMUNITY LEADERSHIP 10 Linear
1604,,,,,,,,,
1605,,,,,,,,,
1606,INSTRUMENTAL MUSIC 11: CONCERT BAND LINEAR,,,,INSTRUMENTAL MUSIC 11: CONCERT BAND LINEAR,,,,"GRAPHIC PRODUCTION 11 LINEAR
COMMUNITY LEADERSHIP 11 Linear
PEER TUTORING 11 LINEAR"
1607,,,,,,,,,
1608,,,,,,,,,"DANCE 9 Choreography Linear
DANCE 9 Company: Platform 61 Linear"
1609,,,,,,,,,"DANCE 10: CHOREOGRAPHY Linear
DANCE COMPANY 10 Linear"
1610,,,,,,,,,
1611,,,,,,,,,
1612,,,,,,,,,
1613,,,,,,,,,
1614,,,,,,,,,
1615,,,,,,,,,
1616,,,,,,,,,"INDEPENDENT DIRECTED STUDIES 10C
COMMUNITY LEADERSHIP 10 Linear"
1617,,,,,,,,,
1618,,,,,,,,,
1619,"CONCERT BAND 9 Linear
PHYSICAL AND HEALTH EDUCATION 9 Girls Linear",,,,"CONCERT BAND 9 Linear
PHYSICAL AND HEALTH EDUCATION 9 Girls Linear",,,,
1620,,,,,,,,,
1621,,,,,,,,,
1622,PRE-CALCULUS 12,,,,AP CALCULUS AB 12 external credential,,,,SCHOLARSHIP PREPARATION 12 LINEAR
1623,,,,,,,,,GRAPHIC PRODUCTION 11 LINEAR
1624,,,,,,,,,
1625,COMPUTER SCIENCE 12,,,,AP COMPUTER SCIENCE A 12,CALCULUS 12,,,"GRAPHIC PRODUCTION 12 LINEAR
PEER TUTORING 12 LINEAR"
1626,,,,,,,,,
1627,,,,,,,,,
1628,,,,,,,,,
1629,,,,,,,,,
1630,,,,,,,,,INSTRUMENTAL MUSIC: ORCHESTRA 12 Strings Linear
1631,,,,,,,,,"GEOMETRY 12
GRAPHIC PRODUCTION 11 LINEAR
COMMUNITY LEADERSHIP 11"
1632,,,,,,,,,
1633,,,,,,,,,"DANCE 11: CHOREOGRAPHY Linear
DANCE COMPANY 12 Linear"
1634,,,,,,,,,
1635,,,,,,,,,"CAREER LIFE CONNECTIONS
WORK EXPERIENCE 12A LINEAR"
1636,,,,,,,,,"DANCE 10: CHOREOGRAPHY Linear
DANCE COMPANY 10 Linear"
1637,,,,,,,,,
1638,,,,,,,,,
1639,,,,,,,,,
1640,,,,,,,,,
1641,,,,,,,,,
1642,,,,,,,,,STRINGS 9 LINEAR
1643,"CONCERT BAND 9 Linear
PHYSICAL AND HEALTH EDUCATION 9 Girls Linear",,,,"CONCERT BAND 9 Linear
PHYSICAL AND HEALTH EDUCATION 9 Girls Linear",,,,"JAZZ BAND 9 LINEAR
CONCERT CHOIR 9 Linear"
1644,"CAREER LIFE EDUCATION 10 Linear
INSTRUMENTAL MUSIC 11: CONCERT BAND LINEAR",,,,"CAREER LIFE EDUCATION 10 Linear
INSTRUMENTAL MUSIC 11: CONCERT BAND LINEAR",,,,"GEOMETRY 12
GRAPHIC PRODUCTION 11 LINEAR
INSTRUMENTAL MUSIC: ORCHESTRA 11 Strings Linear"
1645,,,,,,,,,
1646,,,,,,,,,DANCE 12: CHOREOGRAPHY Linear
1647,,,,,,,,,
1648,,,,,AP CALCULUS AB 12 external credential,,,,
1649,,,,,,,,,"COMMUNITY LEADERSHIP 11
PEER TUTORING 11 LINEAR"
1650,,,,,,,,,
1651,,LEARNING STRATEGIES 12 LINEAR,,,,LEARNING STRATEGIES 12 LINEAR,,,
1652,CONCERT BAND 9 Linear,,,,CONCERT BAND 9 Linear,,,,JAZZ BAND 9 LINEAR
1653,PRE-CALCULUS 12,,,,CALCULUS 12,,,,"INSTRUMENTAL MUSIC 12: JAZZ BAND LINEAR
COMMUNITY LEADERSHIP 12
PEER TUTORING 12 LINEAR
SCHOLARSHIP PREPARATION 12 LINEAR"
1654,,,,,,,,,
1655,,,,,,,,,
1656,,,,,,,,,
1657,,,,,,,,,
1658,PRE-CALCULUS 12,,,,CALCULUS 12,,,,
1659,,,,,,,,,
1660,,,,,,,,,SCHOLARSHIP PREPARATION 12 LINEAR
1661,,,,,,,,,
1662,SPANISH 10,,,,SPANISH 11,,,,
1663,INSTRUMENTAL MUSIC: CONCERT BAND 10 Linear,,,,INSTRUMENTAL MUSIC: CONCERT BAND 10 Linear,,,,INSTRUMENTAL MUSIC: ORCHESTRA 10 Strings LINEAR
1664,,,,,,,,,COMMUNITY LEADERSHIP 12 Linear
1665,CHEMISTRY 11,,,,CHEMISTRY 12,,,,"INSTRUMENTAL MUSIC 12: JAZZ BAND LINEAR
COMMUNITY LEADERSHIP 12
SCHOLARSHIP PREPARATION 12 LINEAR"
1666,CONCERT BAND 9 Linear,,,,CONCERT BAND 9 Linear,,,,
1667,,,,,,,,,
1668,,,,,,,,,
1669,,,,,,,,,
1670,,,,,,,,,CAREER LIFE CONNECTIONS
1671,,,,,CALCULUS 12,,,,
1672,,,,,,,,,
1673,,,,,,,,,
1674,,,,,,,,,
1675,MATHEMATICS 9,,,,WORKPLACE MATHEMATICS 10,,,,
1676,,,,,,,,,
1677,,,,,,,,,
1678,,,,,,,,,
1679,LIFE SCIENCES 11,,,,ANATOMY AND PHYSIOLOGY 12,,,,
1680,"CONCERT BAND 9 Linear
PHYSICAL AND HEALTH EDUCATION 9 Girls Linear",,,,"CONCERT BAND 9 Linear
PHYSICAL AND HEALTH EDUCATION 9 Girls Linear",,,,JAZZ BAND 9 LINEAR
1681,,,,,,,,,
1682,"CAREER LIFE EDUCATION 10 Linear
INSTRUMENTAL MUSIC 11: CONCERT BAND LINEAR",,,,"CAREER LIFE EDUCATION 10 Linear
INSTRUMENTAL MUSIC 11: CONCERT BAND LINEAR",,,,COMMUNITY LEADERSHIP 11 Linear
1683,,,,,,,,,
1684,,,,,,,,,
1685,,,,,,,,,
1686,"CAREER LIFE EDUCATION 10 Linear
INSTRUMENTAL MUSIC 11: CONCERT BAND LINEAR",,,,"CAREER LIFE EDUCATION 10 Linear
INSTRUMENTAL MUSIC 11: CONCERT BAND LINEAR",,,,"GEOMETRY 12
INSTRUMENTAL MUSIC 11: JAZZ BAND LINEAR
PEER TUTORING 11 LINEAR"
1687,"CAREER LIFE EDUCATION 10 Linear
INSTRUMENTAL MUSIC 11: CONCERT BAND LINEAR",,,,"CAREER LIFE EDUCATION 10 Linear
INSTRUMENTAL MUSIC 11: CONCERT BAND LINEAR",,,,INSTRUMENTAL MUSIC 11: JAZZ BAND LINEAR
1688,,,,,,,,,
1689,,,,,,,,,DANCE 9 Company: Platform 61 Linear
1690,,,,,,,,,
1691,,,,,,,,,
1692,WORKPLACE MATHEMATICS 11,LEARNING STRATEGIES 11 LINEAR,,,FOUNDATIONS OF MATHEMATICS 11,LEARNING STRATEGIES 11 LINEAR,LEARNING STRATEGIES 11 LINEAR,,
1693,,,,,,,,,
1694,FOUNDATIONS OF MATH AND PRE-CALCULUS 10,SCIENCE 10,,,PRE-CALCULUS 11,ENVIRONMENTAL SCIENCE 11,,,
1695,,,,,,,,,
1696,,,,,,,,,
1697,AUTOMOTIVE TECHNOLOGY 12,,,,ENGINE AND DRIVETRAIN 12,,,,WORK EXPERIENCE 12A LINEAR
1698,,,,,,,,,
1699,FRENCH 10,,,,FRENCH 11,,,,COMMUNITY LEADERSHIP 11
1700,FRENCH 10,,,,FRENCH 11,,,,COMMUNITY LEADERSHIP 10
1701,,,,,,,,,GRAPHIC PRODUCTION 11 LINEAR
1702,,,,,,,,,
1703,"CONCERT BAND 9 Linear
PHYSICAL AND HEALTH EDUCATION 9 Girls Linear",,,,"CONCERT BAND 9 Linear
PHYSICAL AND HEALTH EDUCATION 9 Girls Linear",,,,JAZZ BAND 9 LINEAR
1704,,,,,,,,,
1705,PRE-CALCULUS 11,,,,PRE-CALCULUS 12,,,,GEOMETRY 12
1706,,,,,,,,,
1707,,,,,,,,,WORK EXPERIENCE 12A LINEAR
1708,,,,,,,,,
1709,,,,,,,,,
1710,,,,,,,,,
1711,PHYSICS 11,PRE-CALCULUS 12,,,PHYSICS 12,CALCULUS 12,,,
1712,,,,,,,,,
1713,ENGLISH 9 FOR ELL,,,,ENGLISH LANGUAGE ARTS 9,,,,
1714,,,,,,,,,
1715,,,,,,,,,GRAPHIC PRODUCTION 12 LINEAR
1716,,,,,,,,,
1717,,,,,,,,,
1718,,,,,,,,,
1719,,,,,,,,,
1720,,,,,,,,,
1721,,,,,AP CALCULUS AB 12 external credential,,,,
1722,,,,,AP CALCULUS AB 12 external credential,,,,"CHORAL MUSIC 12: CONCERT CHOIR Linear
COMMUNITY LEADERSHIP 12
SCHOLARSHIP PREPARATION 12 LINEAR"
1723,INTRODUCTORY ITALIAN 11,LITERARY STUDIES 11,,,ITALIAN 11,ENGLISH STUDIES 12,,,COMMUNITY LEADERSHIP 12 Linear
1724,CHEMISTRY 11,PRE-CALCULUS 12,,,CHEMISTRY 12,CALCULUS 12,,,"WORK EXPERIENCE 12A LINEAR
COMMUNITY LEADERSHIP 12"
1725,,,,,,,,,
1726,,,,,,,,,
1727,,,,,,,,,DANCE 10: CHOREOGRAPHY Linear
1728,,,,,,,,,
1729,,,,,,,,,
1730,"CAREER LIFE EDUCATION 10 Linear
INSTRUMENTAL MUSIC 11: CONCERT BAND LINEAR",,,,"CAREER LIFE EDUCATION 10 Linear
INSTRUMENTAL MUSIC 11: CONCERT BAND LINEAR",,,,"GRAPHIC PRODUCTION 11 LINEAR
INSTRUMENTAL MUSIC 11: JAZZ BAND LINEAR
COMMUNITY LEADERSHIP 11
PEER TUTORING 11 LINEAR"
1731,,,,,,,,,
1732,,,,,,,,,GRAPHIC PRODUCTION 11 LINEAR
1733,,,,,,,,,"COMMUNITY LEADERSHIP 11 Linear
COMMUNITY LEADERSHIP 11"
1734,LIFE SCIENCES 11,,,,ANATOMY AND PHYSIOLOGY 12,,,,INSTRUMENTAL MUSIC: ORCHESTRA 11 Strings Linear
1735,,,,,,,,,
1736,,,,,,,,,
1737,,,,,,,,,
1738,COMPOSITION 10,SCIENCE 10,,,COMPOSITION 11,CHEMISTRY 11,PHYSICS 11,,
1739,,,,,,,,,
1740,CONCERT BAND 9 Linear,,,,CONCERT BAND 9 Linear,,,,"JAZZ BAND 9 LINEAR
STRINGS 9 LINEAR"
1741,COMPUTER SCIENCE 11,,,,COMPUTER SCIENCE 12,,,,
1742,"CONCERT BAND 9 Linear
PHYSICAL AND HEALTH EDUCATION 9 Boys Linear",,,,"CONCERT BAND 9 Linear
PHYSICAL AND HEALTH EDUCATION 9 Boys Linear",,,,"JAZZ BAND 9 LINEAR
STRINGS 9 LINEAR"
1743,"CONCERT BAND 9 Linear
PHYSICAL AND HEALTH EDUCATION 9 Girls Linear",,,,"CONCERT BAND 9 Linear
PHYSICAL AND HEALTH EDUCATION 9 Girls Linear",,,,JAZZ BAND 9 LINEAR
1744,,,,,,,,,"INDEPENDENT DIRECTED STUDIES 10C
INSTRUMENTAL MUSIC: ORCHESTRA 10 Strings LINEAR"
1745,,,,,,,,,"INSTRUMENTAL MUSIC: ORCHESTRA 12 Strings Linear
COMMUNITY LEADERSHIP 12 Linear
SCHOLARSHIP PREPARATION 12 LINEAR"
1746,,,,,,,,,
1747,,,,,,,,,
1748,,,,,,,,,
1749,,,,,,,,,
1750,,,,,,,,,
1751,,,,,,,,,
1752,,,,,,,,,
1753,,,,,,,,,"DANCE 10: CHOREOGRAPHY Linear
DANCE COMPANY 10 Linear"
1754,,,,,,,,,
1755,,,,,,,,,
1756,,,,,,,,,
1757,"CAREER LIFE EDUCATION 10 Linear
INSTRUMENTAL MUSIC 11: CONCERT BAND LINEAR",,,,"CAREER LIFE EDUCATION 10 Linear
INSTRUMENTAL MUSIC 11: CONCERT BAND LINEAR",,,,INSTRUMENTAL MUSIC 11: JAZZ BAND LINEAR
1758,,,,,,,,,
1759,,,,,,,,,
1760,,,,,,,,,INSTRUMENTAL MUSIC: ORCHESTRA 10 Strings LINEAR
1761,LIFE SCIENCES 11,,,,ANATOMY AND PHYSIOLOGY 12,,,,"DANCE 12: CHOREOGRAPHY Linear
DANCE COMPANY 12 Linear
COMMUNITY LEADERSHIP 12 Linear"
1762,,,,,,,,,
1763,,,,,,,,,
1764,,,,,,,,,"DANCE 10: CHOREOGRAPHY Linear
DANCE COMPANY 10 Linear"
1765,,,,,,,,,
1766,PRE-CALCULUS 11 HONOURS,,,,PRE-CALCULUS 12 HONOURS,,,,"GEOMETRY 12
COMMUNITY LEADERSHIP 11 Linear"
1767,INSTRUMENTAL MUSIC 11: CONCERT BAND LINEAR,,,,INSTRUMENTAL MUSIC 11: CONCERT BAND LINEAR,,,,COMMUNITY LEADERSHIP 11 Linear
1768,,,,,,,,,
1769,,,,,,,,,COMMUNITY LEADERSHIP 10 Linear
1770,PHYSICS 11,,,,PHYSICS 12,,,,GRAPHIC PRODUCTION 11 LINEAR
1771,,,,,,,,,
1772,,,,,CALCULUS 12,,,,
1773,,,,,,,,,
1774,PHYSICS 11,,,,PHYSICS 12,,,,
1775,PRE-CALCULUS 11,,,,PRE-CALCULUS 12,,,,
1776,PRE-CALCULUS 11,,,,PRE-CALCULUS 12,,,,COMMUNITY LEADERSHIP 11
1777,,,,,,,,,"GEOMETRY 12
COMMUNITY LEADERSHIP 12 Linear
SCHOLARSHIP PREPARATION 12 LINEAR"
1778,,,,,,,,,COMMUNITY LEADERSHIP 10
1779,,,,,,,,,PEER TUTORING 10 LINEAR
1780,,,,,,,,,GEOMETRY 12
1781,,,,,,,,,COMMUNITY LEADERSHIP 10 Linear
1782,,,,,,,,,
1783,Information and Communications Technologies 10,,,,,,,,INDEPENDENT DIRECTED STUDIES 10C
1784,PRE-CALCULUS 12,,,,CALCULUS 12,,,,"DANCE 12: CHOREOGRAPHY Linear
DANCE COMPANY 12 Linear"
1785,CONCERT BAND 9 Linear,,,,CONCERT BAND 9 Linear,,,,
1786,PRE-CALCULUS 12,,,,CALCULUS 12,,,,"DANCE 12: CHOREOGRAPHY Linear
DANCE COMPANY 12 Linear"
1787,,,,,AP CALCULUS AB 12 external credential,,,,"CHORAL MUSIC 12: CONCERT CHOIR Linear
INSTRUMENTAL MUSIC: ORCHESTRA 12 Strings Linear
WORK EXPERIENCE 12A LINEAR
COMMUNITY LEADERSHIP 12 Linear
COMMUNITY LEADERSHIP 12
SCHOLARSHIP PREPARATION 12 LINEAR"
1788,,,,,,,,,
1789,,,,,,,,,
1790,"CAREER LIFE EDUCATION 10 Linear
INSTRUMENTAL MUSIC 11: CONCERT BAND LINEAR",,,,"CAREER LIFE EDUCATION 10 Linear
INSTRUMENTAL MUSIC 11: CONCERT BAND LINEAR",,,,"INSTRUMENTAL MUSIC 11: JAZZ BAND LINEAR
PEER TUTORING 11 LINEAR"
1791,,,,,,,,,
1792,,,,,,,,,"WORK EXPERIENCE 12A LINEAR
WORK EXPERIENCE 12B LINEAR"
1793,"CAREER LIFE EDUCATION 10 Linear
INSTRUMENTAL MUSIC 11: CONCERT BAND LINEAR",,,,"CAREER LIFE EDUCATION 10 Linear
INSTRUMENTAL MUSIC 11: CONCERT BAND LINEAR",,,,"GEOMETRY 12
GRAPHIC PRODUCTION 11 LINEAR
COMMUNITY LEADERSHIP 11 Linear"
1794,,,,,,,,,
1795,,,,,,,,,
1796,,,,,,,,,
1797,,,,,,,,,
1798,ENGLISH 9 FOR ELL,,,,ENGLISH LANGUAGE ARTS 9,,,,
1799,INSTRUMENTAL MUSIC: CONCERT BAND 10 Linear,PHYSICAL AND HEALTH EDUCATION 10 LINEAR,,,INSTRUMENTAL MUSIC: CONCERT BAND 10 Linear,PHYSICAL AND HEALTH EDUCATION 10 LINEAR,PHYSICAL AND HEALTH EDUCATION 10 LINEAR,,"INSTRUMENTAL MUSIC: JAZZ BAND 10 Linear
PEER TUTORING 10 LINEAR"
1800,PRE-CALCULUS 12,,,,AP CALCULUS AB 12 external credential,,,,COMMUNITY LEADERSHIP 12 Linear
1801,PRE-CALCULUS 11,,,,PRE-CALCULUS 12,,,,
1802,,,,,,,,,
1803,,,,,,,,,INDEPENDENT DIRECTED STUDIES 10C
1804,ENGLISH 9 FOR ELL,,,,ENGLISH LANGUAGE ARTS 9,,,,
1805,CONCERT BAND 9 Linear,,,,CONCERT BAND 9 Linear,,,,"JAZZ BAND 9 LINEAR
STRINGS 9 LINEAR"
1806,"CONCERT BAND 9 Linear
PHYSICAL AND HEALTH EDUCATION 9 Boys Linear",,,,"CONCERT BAND 9 Linear
PHYSICAL AND HEALTH EDUCATION 9 Boys Linear",,,,JAZZ BAND 9 LINEAR
1807,"CONCERT BAND 9 Linear
PHYSICAL AND HEALTH EDUCATION 9 Boys Linear",,,,"CONCERT BAND 9 Linear
PHYSICAL AND HEALTH EDUCATION 9 Boys Linear",,,,JAZZ BAND 9 LINEAR
1808,INSTRUMENTAL MUSIC 12: CONCERT BAND LINEAR,,,,INSTRUMENTAL MUSIC 12: CONCERT BAND LINEAR,,,,"CHORAL MUSIC 12: CONCERT CHOIR Linear
PEER TUTORING 12 LINEAR"
1809,,,,,AP CALCULUS AB 12 external credential,,,,"COMMUNITY LEADERSHIP 12 Linear
PEER TUTORING 12 LINEAR"
1810,,,,,CALCULUS 12,,,,"DANCE 12: CHOREOGRAPHY Linear
DANCE COMPANY 12 Linear
COMMUNITY LEADERSHIP 12
PEER TUTORING 12 LINEAR
SCHOLARSHIP PREPARATION 12 LINEAR"
1811,,,,,,,,,
1812,"CAREER LIFE EDUCATION 10 Linear
INSTRUMENTAL MUSIC 11: CONCERT BAND LINEAR",,,,"CAREER LIFE EDUCATION 10 Linear
INSTRUMENTAL MUSIC 11: CONCERT BAND LINEAR",,,,
1813,"CONCERT BAND 9 Linear
PHYSICAL AND HEALTH EDUCATION 9 Boys Linear",,,,"CONCERT BAND 9 Linear
PHYSICAL AND HEALTH EDUCATION 9 Boys Linear",,,,JAZZ BAND 9 LINEAR
1814,,,,,,,,,
1815,INSTRUMENTAL MUSIC: CONCERT BAND 10 Linear,PHYSICAL AND HEALTH EDUCATION 10 LINEAR,,,INSTRUMENTAL MUSIC: CONCERT BAND 10 Linear,PHYSICAL AND HEALTH EDUCATION 10 LINEAR,PHYSICAL AND HEALTH EDUCATION 10 LINEAR,,
1816,,,,,,,,,
1817,,,,,,,,,COMMUNITY LEADERSHIP 11
1818,CONCERT BAND 9 Linear,,,,CONCERT BAND 9 Linear,,,,
1819,CONCERT BAND 9 Linear,,,,CONCERT BAND 9 Linear,,,,JAZZ BAND 9 LINEAR
1820,,,,,,,,,
1821,,,,,,,,,
1822,,,,,,,,,CHORAL MUSIC: CONCERT CHOIR 10 Linear
1823,"CAREER LIFE EDUCATION 10 Linear
INSTRUMENTAL MUSIC 11: CONCERT BAND LINEAR",,,,"CAREER LIFE EDUCATION 10 Linear
INSTRUMENTAL MUSIC 11: CONCERT BAND LINEAR",,,,COMMUNITY LEADERSHIP 11
1824,INSTRUMENTAL MUSIC 11: CONCERT BAND LINEAR,,,,INSTRUMENTAL MUSIC 11: CONCERT BAND LINEAR,,,,"GEOMETRY 12
COMMUNITY LEADERSHIP 11 Linear"
1825,,,,,,,,,
1826,,,,,,,,,COMMUNITY LEADERSHIP 12 Linear
1827,,,,,,,,,
1828,ENGLISH 9 FOR ELL,,,,ENGLISH LANGUAGE ARTS 9,,,,
1829,,,,,,,,,"JAZZ BAND 9 LINEAR
CONCERT CHOIR 9 Linear"
1830,,,,,,,,,
1831,,,,,,,,,
1832,,,,,,,,,"GEOMETRY 12
COMMUNITY LEADERSHIP 12
PEER TUTORING 12 LINEAR"
1833,PRE-CALCULUS 11 HONOURS,,,,PRE-CALCULUS 12 HONOURS,,,,
1834,PRE-CALCULUS 11,,,,PRE-CALCULUS 12,,,,"WORK EXPERIENCE 12A LINEAR
COMMUNITY LEADERSHIP 11 Linear"
1835,"CONCERT BAND 9 Linear
PHYSICAL AND HEALTH EDUCATION 9 Girls Linear",,,,"CONCERT BAND 9 Linear
PHYSICAL AND HEALTH EDUCATION 9 Girls Linear",,,,JAZZ BAND 9 LINEAR
1836,,,,,,,,,
1837,,,,,,,,,COMMUNITY LEADERSHIP 11 Linear
