Courses,1A,1B,1C,1D,2A,2B,2C,2D,Outside
ACAL-12---,,,,,AP CALCULUS AB 12 external credential,,,,
ACSC-2A---,,,,,AP COMPUTER SCIENCE A 12,,,,
AELC-12---,AP ENGLISH LITERATURE & COMPOSITION 12,,,,,,,,
APHM-12---,AP PHYSICS C (MECHANICS) 12 external credential,,,,,,,,
MAC--11---,ACCOUNTING 11,,,,ACCOUNTING 11,,ACCOUNTING 11,,
MACC-12---,,,,,ACCOUNTING 12,,,,
MACLV11---,,,,ACTIVE LIVING 11,,ACTIVE LIVING 11,,,
MACLV11G--,,,,,,,ACTIVE LIVING 11 Girls,,
MACLV12---,,,,ACTIVE LIVING 12,,ACTIVE LIVING 12,,,
MACLV12G--,,,,,,,ACTIVE LIVING 12 Girls,,
MADD-09---,,ADST - Drafting 9,ADST - Drafting 9,ADST - Drafting 9,,ADST - Drafting 9,ADST - Drafting 9,,
MADEM10---,,,,,,,ADST ? ENTREPRENEURSHIP AND MARKETING 10,ADST ? ENTREPRENEURSHIP AND MARKETING 10,
MADER09---,,,,,,ADST - Electronics and Robotics,ADST - Electronics and Robotics,ADST - Electronics and Robotics,
MADFS09---,,,,,,ADST - Food Studies 9,ADST - Food Studies 9,ADST - Food Studies 9,
MADGE09D--,,,,,,,,ADST 9 - General Exploratns Design Innov & Inquiry,
MADGE09I--,,,,,,,,INCLUSIVE INTRODUCTION TO TRADE SKILLS 9,
MADIT09---,,,,,,ADST-Information and Communications Technologies 9,ADST-Information and Communications Technologies 9,ADST-Information and Communications Technologies 9,
MADW-09---,,,,,,ADST - Woodwork 9,ADST - Woodwork 9,ADST - Woodwork 9,
MAE--09---,,,,ARTS EDUCATION 9,,ARTS EDUCATION 9,ARTS EDUCATION 9,ARTS EDUCATION 9,
MATPH12---,ANATOMY AND PHYSIOLOGY 12,,ANATOMY AND PHYSIOLOGY 12,ANATOMY AND PHYSIOLOGY 12,ANATOMY AND PHYSIOLOGY 12,ANATOMY AND PHYSIOLOGY 12,ANATOMY AND PHYSIOLOGY 12,,
MBIT-11,INTRODUCTORY ITALIAN 11,,,,,,,,
MCALC12---,,,,,CALCULUS 12,CALCULUS 12,,,
MCH--11---,CHEMISTRY 11,CHEMISTRY 11,CHEMISTRY 11,CHEMISTRY 11,,CHEMISTRY 11,,,
MCH--12---,,CHEMISTRY 12,CHEMISTRY 12,CHEMISTRY 12,CHEMISTRY 12,CHEMISTRY 12,,CHEMISTRY 12,
MCLC-12---,,,,,,,,,CAREER LIFE CONNECTIONS
MCLE-10---,,CAREER LIFE EDUCATION 10,CAREER LIFE EDUCATION 10,CAREER LIFE EDUCATION 10,CAREER LIFE EDUCATION 10,CAREER LIFE EDUCATION 10,CAREER LIFE EDUCATION 10,CAREER LIFE EDUCATION 10,
MCLE-10--L,,,,CAREER LIFE EDUCATION 10 Linear,,,,CAREER LIFE EDUCATION 10 Linear,
MCMCC11--L,,,,,,,,,CHORAL MUSIC 11: CONCERT CHOIR Linear
MCMCC12--L,,,,,,,,,CHORAL MUSIC 12: CONCERT CHOIR Linear
MCMCL12---,COMPARATIVE CULTURES 12,,COMPARATIVE CULTURES 12,,,COMPARATIVE CULTURES 12,,,
MCMPR11W--,WEB DEVELOPMENT,,,,,,,,
MCMPR12W--,,,,,WEB DEVELOPMENT 12,,,WEB DEVELOPMENT 12,
MCMPS10---,COMPOSITION 10,COMPOSITION 10,,,,,,,
MCMPS10C--,COMPOSITION 10 Challenge,,,,,,,,
MCMPS11---,COMPOSITION 11,COMPOSITION 11,COMPOSITION 11,COMPOSITION 11,COMPOSITION 11,,,,
MCSTU10---,,,,,ADST ? COMPUTER STUDIES 10,,,,
MCTWR11---,CREATIVE WRITING 11,CREATIVE WRITING 11,CREATIVE WRITING 11,,,,,,
MDCF-10---,,,,,,DANCE FOUNDATIONS 10,,,
MDCF-11---,,,,,,DANCE FOUNDATIONS 11,,,
MDCF-12---,,,,,,DANCE FOUNDATIONS 12,,,
MDCOM11C--,,,,,COMPUTER STUDIES 11,,,,
MDMD-12D--,,,,,3D ANIMATION 12,,,,
MDNC-09C-L,,,,,,,,,DANCE 9 Choreography Linear
MDNC-09M-L,,,,,,,,,DANCE 9 Company: Platform 61 Linear
MDNC-09PT-,DANCE 9 Performance and Technique,,,,,,,,
MDNC-10--L,,,,,,,,,DANCE 10: CHOREOGRAPHY Linear
MDNC-11--L,,,,,,,,,DANCE 11: CHOREOGRAPHY Linear
MDNC-12--L,,,,,,,,,DANCE 12: CHOREOGRAPHY Linear
MDNCM10--L,,,,,,,,,DANCE COMPANY 10 Linear
MDNCM11--L,,,,,,,,,DANCE COMPANY 11 Linear
MDNCM12--L,,,,,,,,,DANCE COMPANY 12 Linear
MDNCN11---,,,,,,,,DANCE CONDITIONING 11,
MDNCN12---,,,,,,,,DANCE CONDITIONING 12,
MDNTP10---,DANCE TECHNIQUE AND PERFORMANCE 10,,,,,,,,
MDNTP11---,DANCE TECHNIQUE AND PERFORMANCE 11,,,,,,,,
MDNTP12---,DANCE TECHNIQUE AND PERFORMANCE 12,,,,,,,,
MDRM-10---,,,,,DRAMA 10,,,,
MDRM-11---,,,,,DRAMA 11,,,,
MDRM-12---,,,,,DRAMA 12,,,,
MECOM12---,,,E-COMMERCE 12,,,,,,
MEFWR10---,,,,ENGLISH FIRST PEOPLES: LITERARY STUDIES 10,,ENGLISH FIRST PEOPLES: LITERARY STUDIES 10,,,
MEN--09---,ENGLISH LANGUAGE ARTS 9,ENGLISH LANGUAGE ARTS 9,,,ENGLISH LANGUAGE ARTS 9,,,,
MEN--09C--,ENGLISH LANGUAGE ARTS 9 CHALLENGE,,,,,,,,
MEN--09E--,ENGLISH 9 FOR ELL,,,,,,,,
MENFP12---,ENGLISH FIRST PEOPLES 12,,,,,,,,
MENFP12--Y,,ENGLISH FIRST PEOPLES 12 Year,,,,,,,
MENST12---,ENGLISH STUDIES 12,ENGLISH STUDIES 12,,,ENGLISH STUDIES 12,ENGLISH STUDIES 12,,,
MENST12C--,ENGLISH STUDIES 12 CHALLENGE,,,,,,,,
MENT-12---,,,,,ENTREPRENEURSHIP 12,ENTREPRENEURSHIP 12,ENTREPRENEURSHIP 12,,
MEPSS11---,EXPLORATIONS IN SOCIAL STUDIES 11,EXPLORATIONS IN SOCIAL STUDIES 11,EXPLORATIONS IN SOCIAL STUDIES 11,EXPLORATIONS IN SOCIAL STUDIES 11,EXPLORATIONS IN SOCIAL STUDIES 11,,,,
MEVSC11---,,,,,ENVIRONMENTAL SCIENCE 11,ENVIRONMENTAL SCIENCE 11,,,
MEVSC12C--,,,ENVIRONMENTAL SCIENCE 12 - CLIMATE CHANGE,,,ENVIRONMENTAL SCIENCE 12 - CLIMATE CHANGE,,,
MFMP-10---,FOUNDATIONS OF MATH AND PRE-CALCULUS 10,FOUNDATIONS OF MATH AND PRE-CALCULUS 10,FOUNDATIONS OF MATH AND PRE-CALCULUS 10,,FOUNDATIONS OF MATH AND PRE-CALCULUS 10,,,,
MFMP-10C--,,FOUNDATIONS OF MATH AND PRE-CALCULUS 10 CHALLENGE,,,FOUNDATIONS OF MATH AND PRE-CALCULUS 10 CHALLENGE,,,,
MFMP-10H--,FOUNDATIONS OF MATH AND PRE-CALCULUS 10 HONOURS,,,,,,,,
MFOM-11---,,FOUNDATIONS OF MATHEMATICS 11,,,FOUNDATIONS OF MATHEMATICS 11,,,,
MFOOD10---,,,,,,ADST ?  FOOD STUDIES 10,ADST ?  FOOD STUDIES 10,ADST ?  FOOD STUDIES 10,
MFOOD11---,FOOD STUDIES 11,,,,FOOD STUDIES 11,FOOD STUDIES 11,FOOD STUDIES 11,,
MFOOD12---,FOOD STUDIES 12,,,,FOOD STUDIES 12,FOOD STUDIES 12,FOOD STUDIES 12,,
MFR--09---,FRENCH 9,FRENCH 9,,,,,,,
MFR--10---,FRENCH 10,,,,,,,,
MFR--11---,FRENCH 11,FRENCH 11,,,FRENCH 11,,,,
MFR--12---,FRENCH 12,,FRENCH 12,,,,,,
MGMT-12L--,,,,,,,,,GEOMETRY 12
MGRPR11--L,,,,,,,,,GRAPHIC PRODUCTION 11 LINEAR
MGRPR12--L,,,,,,,,,GRAPHIC PRODUCTION 12 LINEAR
MIDS-0B---,,,,,,,,INDEPENDENT DIRECTED STUDIES 10B,
MIDS-0C---,,,,,,,,,INDEPENDENT DIRECTED STUDIES 10C
MIMCB11--L,,,,INSTRUMENTAL MUSIC 11: CONCERT BAND LINEAR,,,,INSTRUMENTAL MUSIC 11: CONCERT BAND LINEAR,
MIMCB12--L,,,,INSTRUMENTAL MUSIC 12: CONCERT BAND LINEAR,,,,INSTRUMENTAL MUSIC 12: CONCERT BAND LINEAR,
MIMG-11---,,,,,,,INSTRUMENTAL MUSIC 11: GUITAR,,
MIMG-12---,,,,INSTRUMENTAL MUSIC 12: GUITAR,,,INSTRUMENTAL MUSIC 12: GUITAR,,
MIMJB11--L,,,,,,,,,INSTRUMENTAL MUSIC 11: JAZZ BAND LINEAR
MIMJB12--L,,,,,,,,,INSTRUMENTAL MUSIC 12: JAZZ BAND LINEAR
MINST12---,,,,,CONTEMPORARY INDIGENOUS STUDIES 12,,,,
MINST12C--,,CONTEMPORARY INDIGENOUS STUDIES 12 CHALLENGE,,CONTEMPORARY INDIGENOUS STUDIES 12 CHALLENGE,,,,,
MIT--11---,,,,,ITALIAN 11,,,,
MLFSC11---,LIFE SCIENCES 11,,LIFE SCIENCES 11,LIFE SCIENCES 11,LIFE SCIENCES 11,LIFE SCIENCES 11,,,
MLST-12---,LAW STUDIES 12,LAW STUDIES 12,LAW STUDIES 12,LAW STUDIES 12,LAW STUDIES 12,LAW STUDIES 12,,,
MLTST11---,,LITERARY STUDIES 11,,,,,,,
MLTST11C--,,,LITERARY STUDIES 11 Challenge,,LITERARY STUDIES 11 Challenge,,,,
MLTST12---,,LITERARY STUDIES 12,,,,,,,
MMA--09---,MATHEMATICS 9,MATHEMATICS 9,MATHEMATICS 9,,MATHEMATICS 9,,,,
MMA--09C--,,MATHEMATICS 9 CHALLENGE,MATHEMATICS 9 CHALLENGE,,,,,,
MMA--09H--,,MATHEMATICS 9 HONOURS,,,,,,,
MMACS11---,COMPUTER SCIENCE 11,COMPUTER SCIENCE 11,,,COMPUTER SCIENCE 11,,COMPUTER SCIENCE 11,COMPUTER SCIENCE 11,
MMACS12---,COMPUTER SCIENCE 12,COMPUTER SCIENCE 12,,,COMPUTER SCIENCE 12,,COMPUTER SCIENCE 12,COMPUTER SCIENCE 12,
MMAP-11---,MARKETING AND PROMOTION 11,,,,,,,,
MMEDD10---,,,,ADST ? MEDIA DESIGN 10,,,ADST ? MEDIA DESIGN 10,,
MMEDD11---,,,,MEDIA DESIGN 11,,,MEDIA DESIGN 11,,
MMEDD12---,,,,MEDIA DESIGN 12,,,MEDIA DESIGN 12,,
MMUCB10--L,,,,INSTRUMENTAL MUSIC: CONCERT BAND 10 Linear,,,,INSTRUMENTAL MUSIC: CONCERT BAND 10 Linear,
MMUCC10--L,,,,,,,,,CHORAL MUSIC: CONCERT CHOIR 10 Linear
MMUJB10--L,,,,,,,,,INSTRUMENTAL MUSIC: JAZZ BAND 10 Linear
MMUOR10S-L,,,,,,,,,INSTRUMENTAL MUSIC: ORCHESTRA 10 Strings LINEAR
MMUOR11S-L,,,,,,,,,INSTRUMENTAL MUSIC: ORCHESTRA 11 Strings Linear
MMUOR12S-L,,,,,,,,,INSTRUMENTAL MUSIC: ORCHESTRA 12 Strings Linear
MODED11---,,,,,,,,OUTDOOR EDUCATION 11,
MODED12---,,,,,,,,OUTDOOR EDUCATION 12,
MPGEO12---,PHYSICAL GEOGRAPHY 12,,,,,,,,
MPH--11---,PHYSICS 11,PHYSICS 11,PHYSICS 11,PHYSICS 11,PHYSICS 11,,PHYSICS 11,,
MPH--12---,,PHYSICS 12,PHYSICS 12,PHYSICS 12,PHYSICS 12,PHYSICS 12,,,
MPHE-09---,,PHYSICAL AND HEALTH EDUCATION 9,,PHYSICAL AND HEALTH EDUCATION 9,PHYSICAL AND HEALTH EDUCATION 9,PHYSICAL AND HEALTH EDUCATION 9,,,
MPHE-09--L,,,,PHYSICAL AND HEALTH EDUCATION 9 Linear,,,PHYSICAL AND HEALTH EDUCATION 9 Linear,PHYSICAL AND HEALTH EDUCATION 9 Linear,
MPHE-09B--,,,PHYSICAL AND HEALTH EDUCATION 9 Boys,PHYSICAL AND HEALTH EDUCATION 9 Boys,PHYSICAL AND HEALTH EDUCATION 9 Boys,PHYSICAL AND HEALTH EDUCATION 9 Boys,,,
MPHE-09B-L,,,,PHYSICAL AND HEALTH EDUCATION 9 Boys Linear,,,,PHYSICAL AND HEALTH EDUCATION 9 Boys Linear,
MPHE-09G--,,,,PHYSICAL AND HEALTH EDUCATION 9 Girls,PHYSICAL AND HEALTH EDUCATION 9 Girls,PHYSICAL AND HEALTH EDUCATION 9 Girls,PHYSICAL AND HEALTH EDUCATION 9 Girls,,
MPHE-09G-L,,,,PHYSICAL AND HEALTH EDUCATION 9 Girls Linear,,,,PHYSICAL AND HEALTH EDUCATION 9 Girls Linear,
MPHE-09Y--,,,,,,,,PHYSICAL AND HEALTH EDUCATION 9 Yoga for Mindfulns,
MPHED10---,,PHYSICAL AND HEALTH EDUCATION 10,,PHYSICAL AND HEALTH EDUCATION 10,PHYSICAL AND HEALTH EDUCATION 10,PHYSICAL AND HEALTH EDUCATION 10,,,
MPHED10--L,,,PHYSICAL AND HEALTH EDUCATION 10 LINEAR,,,PHYSICAL AND HEALTH EDUCATION 10 LINEAR,PHYSICAL AND HEALTH EDUCATION 10 LINEAR,,
MPHED10B--,,,PHYSICAL AND HEALTH EDUCATION 10 Boys,PHYSICAL AND HEALTH EDUCATION 10 Boys,PHYSICAL AND HEALTH EDUCATION 10 Boys,PHYSICAL AND HEALTH EDUCATION 10 Boys,,,
MPHED10G--,,,,PHYSICAL AND HEALTH EDUCATION 10 Girls,PHYSICAL AND HEALTH EDUCATION 10 Girls,PHYSICAL AND HEALTH EDUCATION 10 Girls,PHYSICAL AND HEALTH EDUCATION 10 Girls,,
MPREC11---,PRE-CALCULUS 11,PRE-CALCULUS 11,PRE-CALCULUS 11,PRE-CALCULUS 11,PRE-CALCULUS 11,PRE-CALCULUS 11,,,
MPREC11H--,PRE-CALCULUS 11 HONOURS,,,,,,,,
MPREC12---,PRE-CALCULUS 12,PRE-CALCULUS 12,PRE-CALCULUS 12,PRE-CALCULUS 12,PRE-CALCULUS 12,PRE-CALCULUS 12,,,
MPREC12H--,,,,,PRE-CALCULUS 12 HONOURS,,,,
MSC--09---,,SCIENCE 9,SCIENCE 9,SCIENCE 9,SCIENCE 9,,,,
MSC--09C--,,,SCIENCE 9: CHALLENGE,SCIENCE 9: CHALLENGE,,,,,
MSC--10---,SCIENCE 10,SCIENCE 10,SCIENCE 10,SCIENCE 10,SCIENCE 10,,,,
MSC--10C--,,,,SCIENCE 10: CHALLENGE,SCIENCE 10: CHALLENGE,,,,
MSP--09---,,,,,,SPANISH 9,,,
MSP--10---,SPANISH 10,,,,,SPANISH 10,,,
MSP--11---,SPANISH 11,,,,SPANISH 11,,,,
MSP--12---,,,,,SPANISH 12,,,,
MSPLG10--L,SPOKEN LANGUAGE 10 LINEAR,SPOKEN LANGUAGE 10 LINEAR,,,,,,,
MSS--09---,,,SOCIAL STUDIES 9,SOCIAL STUDIES 9,SOCIAL STUDIES 9,SOCIAL STUDIES 9,,,
MSS--09C--,,,,SOCIAL STUDIES 9 CHALLENGE,SOCIAL STUDIES 9 CHALLENGE,,,,
MSS--10---,,SOCIAL STUDIES 10,SOCIAL STUDIES 10,SOCIAL STUDIES 10,SOCIAL STUDIES 10,SOCIAL STUDIES 10,,,
MSS--10C--,,,SOCIAL STUDIES 10 CHALLENGE,,SOCIAL STUDIES 10 CHALLENGE,,,,
MSTAT12---,,,STATISTICS 12,,,,,,
MSTX-0A---,,,,,,SKILLS EXPLORATION 10A,,,
MSTX-0AI--,,,,,,,INCLUSIVE INTRODUCTION TO TRADE SKILLS 10,,
MSTX-1A---,SKILLS EXPLORATION 11A,,,,,,SKILLS EXPLORATION 11A,,
MSTX-1AI--,,,,,,,,INCLUSIVE INTRODUCTION TO TRADE SKILLS 11,
MSTX-2A---,,,SKILLS EXPLORATION 12A,,SKILLS EXPLORATION 12A,,,,
MSTX-2AI--,,,INCLUSIVE INTRODUCTION TO TRADE SKILLS 12,,,,,,
MTAUT11---,AUTOMOTIVE TECHNOLOGY 11,,,,AUTOMOTIVE TECHNOLOGY 11,AUTOMOTIVE TECHNOLOGY 11,,,
MTAUT12---,AUTOMOTIVE TECHNOLOGY 12,,,,AUTOMOTIVE TECHNOLOGY 12,AUTOMOTIVE TECHNOLOGY 12,,,
MTDRF10---,,ADST ?  DRAFTING 10,,ADST ?  DRAFTING 10,,ADST ?  DRAFTING 10,ADST ?  DRAFTING 10,,
MTDRF11---,,DRAFTING 11,,DRAFTING 11,,DRAFTING 11,DRAFTING 11,,
MTDRF12---,,DRAFTING 12,DRAFTING 12,DRAFTING 12,,DRAFTING 12,DRAFTING 12,,
MTEAD12---,,,,,ENGINE AND DRIVETRAIN 12,ENGINE AND DRIVETRAIN 12,,,
MTEAR10---,,,,,,ADST ?  ELECTRONICS AND ROBOTICS 10,ADST ?  ELECTRONICS AND ROBOTICS 10,ADST ?  ELECTRONICS AND ROBOTICS 10,
MTEXP10D--,,,,,,,,ADST-Technology Explorations 10 Design Innov & Inq,
MTPOW10---,,,,,,,ADST ?  POWER TECHNOLOGY 10,ADST ?  POWER TECHNOLOGY 10,
MTROB11---,,,,,,,ROBOTICS 11,ROBOTICS 11,
MTROB12---,,,,,,ROBOTICS 12,ROBOTICS 12,,
MVAPH10---,,,,,,VISUAL ARTS: PHOTOGRAPHY 10,VISUAL ARTS: PHOTOGRAPHY 10,,
MVAPH11---,,,,,,PHOTOGRAPHY 11,PHOTOGRAPHY 11,,
MVAPH12---,,,,,,PHOTOGRAPHY 12,PHOTOGRAPHY 12,,
MVAST10---,,,,VISUAL ARTS: ART STUDIO 10,VISUAL ARTS: ART STUDIO 10,VISUAL ARTS: ART STUDIO 10,VISUAL ARTS: ART STUDIO 10,VISUAL ARTS: ART STUDIO 10,
MVAST11---,,ART STUDIO 11,,ART STUDIO 11,,ART STUDIO 11,,,
MVAST12---,,ART STUDIO 12,,ART STUDIO 12,,ART STUDIO 12,,,
MWBDV10IT-,Information and Communications Technologies 10,,,,,Information and Communications Technologies 10,Information and Communications Technologies 10,Information and Communications Technologies 10,
MWEX-2A--L,,,,,,,,,WORK EXPERIENCE 12A LINEAR
MWEX-2B--L,,,,,,,,,WORK EXPERIENCE 12B LINEAR
MWH--12---,,,20th CENTURY WORLD HISTORY 12,20th CENTURY WORLD HISTORY 12,20th CENTURY WORLD HISTORY 12,,,,
MWPM-10---,,,,,WORKPLACE MATHEMATICS 10,,,,
MWPM-11---,WORKPLACE MATHEMATICS 11,WORKPLACE MATHEMATICS 11,WORKPLACE MATHEMATICS 11,,,,,,
MWWK-10---,,,,,,ADST ?  WOODWORK 10,ADST ?  WOODWORK 10,ADST ?  WOODWORK 10,
MWWK-11---,,,,,,WOODWORK 11,WOODWORK 11,WOODWORK 11,
MWWK-12---,,,,WOODWORK 12,,WOODWORK 12,WOODWORK 12,WOODWORK 12,
XBA--09B-L,,,,BEGINNER BAND 9 LINEAR,,,,BEGINNER BAND 9 LINEAR,
XBA--09C-L,CONCERT BAND 9 Linear,,,CONCERT BAND 9 Linear,,,,CONCERT BAND 9 Linear,
XBA--09G--,,,,,,,CONCERT BAND 9 - Guitar,CONCERT BAND 9 - Guitar,
XBA--09J-L,,,,,,,,,JAZZ BAND 9 LINEAR
XC---09--L,,,,,,,,,CONCERT CHOIR 9 Linear
XLDCB09LS-,,LEARNING STRATEGIES 9 LD,,,,,,,
XLDCB09LSL,,,LEARNING STRATEGIES 9 LD LINEAR,,,LEARNING STRATEGIES 9 LD LINEAR,LEARNING STRATEGIES 9 LD LINEAR,,
XLDCB09M--,,,,,,,TECH ED 9: MECHANICS LD,TECH ED 9: MECHANICS LD,
XLDCB09S-L,,,,,,,,,STRINGS 9 LINEAR
XLDCE09NM-,NUMERACY 9,,,,,,,,
YCPA-0AX-L,,,,,,,,,COMMUNITY LEADERSHIP 10 Linear
YCPA-0AXE-,,,,,,,,,COMMUNITY LEADERSHIP 10
YCPA-1AX-L,,,,,,,,,COMMUNITY LEADERSHIP 11 Linear
YCPA-1AXE-,,,,,,,,,COMMUNITY LEADERSHIP 11
YCPA-2AX-L,,,,,,,,,COMMUNITY LEADERSHIP 12 Linear
YCPA-2AXE-,,,,,,,,,COMMUNITY LEADERSHIP 12
YED--0AX--,,,LEARNING STRATEGIES 10,,,LEARNING STRATEGIES 10,,LEARNING STRATEGIES 10,
YED--0AX-L,,,LEARNING STRATEGIES 10 LINEAR,,,LEARNING STRATEGIES 10 LINEAR,LEARNING STRATEGIES 10 LINEAR,,
YED--0BX-L,,,,,,,,,PEER TUTORING 10 LINEAR
YED--1DX--,,,,,,,LEARNING STRATEGIES 11,LEARNING STRATEGIES 11,
YED--1DX-L,,,LEARNING STRATEGIES 11 LINEAR,,,LEARNING STRATEGIES 11 LINEAR,LEARNING STRATEGIES 11 LINEAR,,
YED--1EX-L,,,,,,,,,PEER TUTORING 11 LINEAR
YED--2CX--,LEARNING STRATEGIES 12,LEARNING STRATEGIES 12,LEARNING STRATEGIES 12,LEARNING STRATEGIES 12,,LEARNING STRATEGIES 12,LEARNING STRATEGIES 12,,
YED--2CX-L,,,LEARNING STRATEGIES 12 LINEAR,,,,LEARNING STRATEGIES 12 LINEAR,,
YED--2DX-L,,,,,,,,,PEER TUTORING 12 LINEAR
YED--2FX-L,,,,,,,,,SCHOLARSHIP PREPARATION 12 LINEAR
YESFL0AX--,,,,,,,,BEGINNERS ELL 10,
YESFL0AX-L,,BEGINNERS ELL 10 Linear,BEGINNERS ELL 10 Linear,,,,,,
YESFL1CX--,ELL Academic Literacy 11,ELL Academic Literacy 11,,,,,,,
YLAW-2CX--,,,,,CRIMINOLOGY 12,,CRIMINOLOGY 12,CRIMINOLOGY 12,
YMIS-1DD--,,,,,,,,DESIGN AND INNOVATION 11,
YMIS-2DD--,,,,,,,,DESIGN AND INNOVATION 12,
YPA--0CX--,,,,,,,,YOGA FOR MINDFULNESS 10,
YPA--1CX--,,,,,,,,YOGA FOR MINDFULNESS 11,
YPA--2CX--,,,,,,,,YOGA FOR MINDFULNESS 12,
YPR--0BX--,,,,,,,,OUTDOOR EDUCATION 10,
YPSYC1AX--,,,,PSYCHOLOGY 11,,PSYCHOLOGY 11,PSYCHOLOGY 11,PSYCHOLOGY 11,
